,filename,reduced_filename,pixel_mean,pixel_min,pixel_max
0,H1_R3D_STC_w435.tif,gelatin_plate_2_stitched/H1_R3D_STC_w435_reduced.jpg,5120.609879353278,0,65535
1,H1_R3D_STC_w-50.tif,gelatin_plate_2_stitched/H1_R3D_STC_w-50_reduced.jpg,9781.572148350448,0,52302
2,H1_R3D_STC_w525.tif,gelatin_plate_2_stitched/H1_R3D_STC_w525_reduced.jpg,2485.3298705433754,0,44117
3,H1_R3D_STC_w597.tif,gelatin_plate_2_stitched/H1_R3D_STC_w597_reduced.jpg,6710.581349171398,0,53013
4,H2_R3D_STC_w435.tif,gelatin_plate_2_stitched/H2_R3D_STC_w435_reduced.jpg,10733.475299072039,0,65535
5,H2_R3D_STC_w-50.tif,gelatin_plate_2_stitched/H2_R3D_STC_w-50_reduced.jpg,19538.748545685707,0,65535
6,H2_R3D_STC_w525.tif,gelatin_plate_2_stitched/H2_R3D_STC_w525_reduced.jpg,819.2861392447724,0,65535
7,H2_R3D_STC_w597.tif,gelatin_plate_2_stitched/H2_R3D_STC_w597_reduced.jpg,3668.882065709089,0,24834
8,H3_R3D_STC_w435.tif,gelatin_plate_2_stitched/H3_R3D_STC_w435_reduced.jpg,3593.9022897466425,0,65535
9,H3_R3D_STC_w-50.tif,gelatin_plate_2_stitched/H3_R3D_STC_w-50_reduced.jpg,24808.226882022303,0,65535
10,H3_R3D_STC_w525.tif,gelatin_plate_2_stitched/H3_R3D_STC_w525_reduced.jpg,914.8470534398862,0,65535
11,H3_R3D_STC_w597.tif,gelatin_plate_2_stitched/H3_R3D_STC_w597_reduced.jpg,4588.522613032727,0,13292
12,H4_R3D_STC_w435.tif,gelatin_plate_2_stitched/H4_R3D_STC_w435_reduced.jpg,3959.178224741333,0,65535
13,H4_R3D_STC_w-50.tif,gelatin_plate_2_stitched/H4_R3D_STC_w-50_reduced.jpg,20342.168434299296,0,60209
14,H4_R3D_STC_w525.tif,gelatin_plate_2_stitched/H4_R3D_STC_w525_reduced.jpg,821.3529381795252,0,65535
15,H4_R3D_STC_w597.tif,gelatin_plate_2_stitched/H4_R3D_STC_w597_reduced.jpg,3890.2820608146985,0,12654
16,H5_R3D_STC_w435.tif,gelatin_plate_2_stitched/H5_R3D_STC_w435_reduced.jpg,2907.6544501611297,0,65535
17,H5_R3D_STC_w-50.tif,gelatin_plate_2_stitched/H5_R3D_STC_w-50_reduced.jpg,8689.80851201462,0,33745
18,H5_R3D_STC_w525.tif,gelatin_plate_2_stitched/H5_R3D_STC_w525_reduced.jpg,848.425645218302,0,65535
19,H5_R3D_STC_w597.tif,gelatin_plate_2_stitched/H5_R3D_STC_w597_reduced.jpg,5451.937996143769,0,26598
20,H6_R3D_STC_w435.tif,gelatin_plate_2_stitched/H6_R3D_STC_w435_reduced.jpg,16437.48058543554,0,65535
21,H6_R3D_STC_w-50.tif,gelatin_plate_2_stitched/H6_R3D_STC_w-50_reduced.jpg,2595.1362730388396,0,14117
22,H6_R3D_STC_w525.tif,gelatin_plate_2_stitched/H6_R3D_STC_w525_reduced.jpg,2037.9565383411666,0,65535
23,H6_R3D_STC_w597.tif,gelatin_plate_2_stitched/H6_R3D_STC_w597_reduced.jpg,7228.409820620594,0,65235
24,H7_R3D_STC_w435.tif,gelatin_plate_2_stitched/H7_R3D_STC_w435_reduced.jpg,16712.438388681323,0,65535
25,H7_R3D_STC_w-50.tif,gelatin_plate_2_stitched/H7_R3D_STC_w-50_reduced.jpg,3214.414536172821,0,15423
26,H7_R3D_STC_w525.tif,gelatin_plate_2_stitched/H7_R3D_STC_w525_reduced.jpg,3056.2028059497898,0,65535
27,H7_R3D_STC_w597.tif,gelatin_plate_2_stitched/H7_R3D_STC_w597_reduced.jpg,4542.219376967227,0,26549
28,H8_R3D_STC_w435.tif,gelatin_plate_2_stitched/H8_R3D_STC_w435_reduced.jpg,21102.22703494563,0,65535
29,H8_R3D_STC_w-50.tif,gelatin_plate_2_stitched/H8_R3D_STC_w-50_reduced.jpg,8733.8739054735,0,34926
30,H8_R3D_STC_w525.tif,gelatin_plate_2_stitched/H8_R3D_STC_w525_reduced.jpg,5263.313896951565,0,65535
31,H8_R3D_STC_w597.tif,gelatin_plate_2_stitched/H8_R3D_STC_w597_reduced.jpg,9041.803660212858,0,32775
32,H9_R3D_STC_w435.tif,gelatin_plate_2_stitched/H9_R3D_STC_w435_reduced.jpg,582.7055031617867,0,65535
33,H9_R3D_STC_w-50.tif,gelatin_plate_2_stitched/H9_R3D_STC_w-50_reduced.jpg,21538.44584639251,0,51683
34,H9_R3D_STC_w525.tif,gelatin_plate_2_stitched/H9_R3D_STC_w525_reduced.jpg,1464.7917336700618,0,64457
35,H9_R3D_STC_w597.tif,gelatin_plate_2_stitched/H9_R3D_STC_w597_reduced.jpg,3639.4216403359364,0,12366
36,H10_R3D_STC_w435.tif,gelatin_plate_2_stitched/H10_R3D_STC_w435_reduced.jpg,8428.849832931463,0,65535
37,H10_R3D_STC_w-50.tif,gelatin_plate_2_stitched/H10_R3D_STC_w-50_reduced.jpg,19731.555580469947,0,60492
38,H10_R3D_STC_w525.tif,gelatin_plate_2_stitched/H10_R3D_STC_w525_reduced.jpg,3492.8003414417417,0,35670
39,H10_R3D_STC_w597.tif,gelatin_plate_2_stitched/H10_R3D_STC_w597_reduced.jpg,2951.4545382865267,0,9494
40,H11_R3D_STC_w435.tif,gelatin_plate_2_stitched/H11_R3D_STC_w435_reduced.jpg,7548.525822339327,0,65535
41,H11_R3D_STC_w-50.tif,gelatin_plate_2_stitched/H11_R3D_STC_w-50_reduced.jpg,18580.56168118511,0,65535
42,H11_R3D_STC_w525.tif,gelatin_plate_2_stitched/H11_R3D_STC_w525_reduced.jpg,1291.4991379702267,0,65535
43,H11_R3D_STC_w597.tif,gelatin_plate_2_stitched/H11_R3D_STC_w597_reduced.jpg,4694.726413125995,0,26812
44,H12_R3D_STC_w435.tif,gelatin_plate_2_stitched/H12_R3D_STC_w435_reduced.jpg,7550.221021279945,0,65535
45,H12_R3D_STC_w-50.tif,gelatin_plate_2_stitched/H12_R3D_STC_w-50_reduced.jpg,12747.28782240346,0,55206
46,H12_R3D_STC_w525.tif,gelatin_plate_2_stitched/H12_R3D_STC_w525_reduced.jpg,4797.722171751752,0,65535
47,H12_R3D_STC_w597.tif,gelatin_plate_2_stitched/H12_R3D_STC_w597_reduced.jpg,3571.9314755816863,0,64780
48,G1_R3D_STC_w435.tif,gelatin_plate_2_stitched/G1_R3D_STC_w435_reduced.jpg,871.9510088403871,0,65535
49,G1_R3D_STC_w-50.tif,gelatin_plate_2_stitched/G1_R3D_STC_w-50_reduced.jpg,12045.336866620795,0,38981
50,G1_R3D_STC_w525.tif,gelatin_plate_2_stitched/G1_R3D_STC_w525_reduced.jpg,1470.4518725842518,0,22405
51,G1_R3D_STC_w597.tif,gelatin_plate_2_stitched/G1_R3D_STC_w597_reduced.jpg,2787.96724640228,0,11861
52,G2_R3D_STC_w435.tif,gelatin_plate_2_stitched/G2_R3D_STC_w435_reduced.jpg,734.4570470307664,0,65535
53,G2_R3D_STC_w-50.tif,gelatin_plate_2_stitched/G2_R3D_STC_w-50_reduced.jpg,10804.531963427933,0,33802
54,G2_R3D_STC_w525.tif,gelatin_plate_2_stitched/G2_R3D_STC_w525_reduced.jpg,1951.5248198595373,0,65535
55,G2_R3D_STC_w597.tif,gelatin_plate_2_stitched/G2_R3D_STC_w597_reduced.jpg,1824.8988280730416,0,16026
56,G3_R3D_STC_w435.tif,gelatin_plate_2_stitched/G3_R3D_STC_w435_reduced.jpg,496.9128593619086,0,65535
57,G3_R3D_STC_w-50.tif,gelatin_plate_2_stitched/G3_R3D_STC_w-50_reduced.jpg,23062.491420840463,0,54140
58,G3_R3D_STC_w525.tif,gelatin_plate_2_stitched/G3_R3D_STC_w525_reduced.jpg,1426.1502529313336,0,12426
59,G3_R3D_STC_w597.tif,gelatin_plate_2_stitched/G3_R3D_STC_w597_reduced.jpg,2624.177797062332,0,7163
60,G4_R3D_STC_w435.tif,gelatin_plate_2_stitched/G4_R3D_STC_w435_reduced.jpg,1171.3449785717473,0,65535
61,G4_R3D_STC_w-50.tif,gelatin_plate_2_stitched/G4_R3D_STC_w-50_reduced.jpg,23911.400209578005,0,65535
62,G4_R3D_STC_w525.tif,gelatin_plate_2_stitched/G4_R3D_STC_w525_reduced.jpg,1132.4947776116662,0,28154
63,G4_R3D_STC_w597.tif,gelatin_plate_2_stitched/G4_R3D_STC_w597_reduced.jpg,3943.360943645842,0,8289
64,G5_R3D_STC_w435.tif,gelatin_plate_2_stitched/G5_R3D_STC_w435_reduced.jpg,22740.88829875211,0,65535
65,G5_R3D_STC_w-50.tif,gelatin_plate_2_stitched/G5_R3D_STC_w-50_reduced.jpg,16176.76731728128,0,65535
66,G5_R3D_STC_w525.tif,gelatin_plate_2_stitched/G5_R3D_STC_w525_reduced.jpg,6935.0624722778675,0,65535
67,G5_R3D_STC_w597.tif,gelatin_plate_2_stitched/G5_R3D_STC_w597_reduced.jpg,5421.6921237287115,0,27628
68,G6_R3D_STC_w435.tif,gelatin_plate_2_stitched/G6_R3D_STC_w435_reduced.jpg,746.3815883478068,0,65535
69,G6_R3D_STC_w-50.tif,gelatin_plate_2_stitched/G6_R3D_STC_w-50_reduced.jpg,3181.916329025813,0,7676
70,G6_R3D_STC_w525.tif,gelatin_plate_2_stitched/G6_R3D_STC_w525_reduced.jpg,860.7524206926807,0,47684
71,G6_R3D_STC_w597.tif,gelatin_plate_2_stitched/G6_R3D_STC_w597_reduced.jpg,3381.13420062317,0,8233
72,G7_R3D_STC_w435.tif,gelatin_plate_2_stitched/G7_R3D_STC_w435_reduced.jpg,38182.00085807418,0,65535
73,G7_R3D_STC_w-50.tif,gelatin_plate_2_stitched/G7_R3D_STC_w-50_reduced.jpg,3966.2560589968125,0,17413
74,G7_R3D_STC_w525.tif,gelatin_plate_2_stitched/G7_R3D_STC_w525_reduced.jpg,8150.5277929379645,0,65535
75,G7_R3D_STC_w597.tif,gelatin_plate_2_stitched/G7_R3D_STC_w597_reduced.jpg,2809.0366892307907,0,61980
76,G8_R3D_STC_w435.tif,gelatin_plate_2_stitched/G8_R3D_STC_w435_reduced.jpg,20863.844148186738,0,65535
77,G8_R3D_STC_w-50.tif,gelatin_plate_2_stitched/G8_R3D_STC_w-50_reduced.jpg,15818.144159204392,0,60865
78,G8_R3D_STC_w525.tif,gelatin_plate_2_stitched/G8_R3D_STC_w525_reduced.jpg,10050.790315061611,0,65535
79,G8_R3D_STC_w597.tif,gelatin_plate_2_stitched/G8_R3D_STC_w597_reduced.jpg,3797.2982902544354,0,36292
80,G9_R3D_STC_w435.tif,gelatin_plate_2_stitched/G9_R3D_STC_w435_reduced.jpg,5476.57965857619,0,65535
81,G9_R3D_STC_w-50.tif,gelatin_plate_2_stitched/G9_R3D_STC_w-50_reduced.jpg,20481.118766442753,0,65535
82,G9_R3D_STC_w525.tif,gelatin_plate_2_stitched/G9_R3D_STC_w525_reduced.jpg,1197.586078639773,0,65535
83,G9_R3D_STC_w597.tif,gelatin_plate_2_stitched/G9_R3D_STC_w597_reduced.jpg,2131.686791190224,0,19112
84,G10_R3D_STC_w435.tif,gelatin_plate_2_stitched/G10_R3D_STC_w435_reduced.jpg,21185.724489598946,0,65535
85,G10_R3D_STC_w-50.tif,gelatin_plate_2_stitched/G10_R3D_STC_w-50_reduced.jpg,18157.335515732142,0,65535
86,G10_R3D_STC_w525.tif,gelatin_plate_2_stitched/G10_R3D_STC_w525_reduced.jpg,4216.359539804948,0,65535
87,G10_R3D_STC_w597.tif,gelatin_plate_2_stitched/G10_R3D_STC_w597_reduced.jpg,2166.0816434940843,0,45294
88,G11_R3D_STC_w435.tif,gelatin_plate_2_stitched/G11_R3D_STC_w435_reduced.jpg,21166.970385229863,0,65535
89,G11_R3D_STC_w-50.tif,gelatin_plate_2_stitched/G11_R3D_STC_w-50_reduced.jpg,15305.90408953255,0,61772
90,G11_R3D_STC_w525.tif,gelatin_plate_2_stitched/G11_R3D_STC_w525_reduced.jpg,3112.0896312143063,0,65535
91,G11_R3D_STC_w597.tif,gelatin_plate_2_stitched/G11_R3D_STC_w597_reduced.jpg,3900.480630879401,0,24462
92,G12_R3D_STC_w435.tif,gelatin_plate_2_stitched/G12_R3D_STC_w435_reduced.jpg,16797.111393001505,0,65535
93,G12_R3D_STC_w-50.tif,gelatin_plate_2_stitched/G12_R3D_STC_w-50_reduced.jpg,6283.631745727772,0,27875
94,G12_R3D_STC_w525.tif,gelatin_plate_2_stitched/G12_R3D_STC_w525_reduced.jpg,4118.538997901002,0,65535
95,G12_R3D_STC_w597.tif,gelatin_plate_2_stitched/G12_R3D_STC_w597_reduced.jpg,3268.6918944623876,0,34059
96,F1_R3D_STC_w435.tif,gelatin_plate_2_stitched/F1_R3D_STC_w435_reduced.jpg,1046.9504641812375,0,65535
97,F1_R3D_STC_w-50.tif,gelatin_plate_2_stitched/F1_R3D_STC_w-50_reduced.jpg,4399.896562756157,0,17972
98,F1_R3D_STC_w525.tif,gelatin_plate_2_stitched/F1_R3D_STC_w525_reduced.jpg,858.0039409863103,0,65535
99,F1_R3D_STC_w597.tif,gelatin_plate_2_stitched/F1_R3D_STC_w597_reduced.jpg,4728.10860559874,0,11238
100,F2_R3D_STC_w435.tif,gelatin_plate_2_stitched/F2_R3D_STC_w435_reduced.jpg,1169.1395411519602,0,65535
101,F2_R3D_STC_w-50.tif,gelatin_plate_2_stitched/F2_R3D_STC_w-50_reduced.jpg,8657.825807671978,0,54606
102,F2_R3D_STC_w525.tif,gelatin_plate_2_stitched/F2_R3D_STC_w525_reduced.jpg,957.0455480245703,0,65535
103,F2_R3D_STC_w597.tif,gelatin_plate_2_stitched/F2_R3D_STC_w597_reduced.jpg,2794.8028216793223,0,7313
104,F3_R3D_STC_w435.tif,gelatin_plate_2_stitched/F3_R3D_STC_w435_reduced.jpg,478.6667863981517,0,16945
105,F3_R3D_STC_w-50.tif,gelatin_plate_2_stitched/F3_R3D_STC_w-50_reduced.jpg,13053.297257685748,0,34703
106,F3_R3D_STC_w525.tif,gelatin_plate_2_stitched/F3_R3D_STC_w525_reduced.jpg,730.9902790973351,0,3852
107,F3_R3D_STC_w597.tif,gelatin_plate_2_stitched/F3_R3D_STC_w597_reduced.jpg,2376.967781752595,0,65535
108,F4_R3D_STC_w435.tif,gelatin_plate_2_stitched/F4_R3D_STC_w435_reduced.jpg,1782.996675506456,0,65535
109,F4_R3D_STC_w-50.tif,gelatin_plate_2_stitched/F4_R3D_STC_w-50_reduced.jpg,16030.074570229808,0,33083
110,F4_R3D_STC_w525.tif,gelatin_plate_2_stitched/F4_R3D_STC_w525_reduced.jpg,1003.6288503372435,0,65535
111,F4_R3D_STC_w597.tif,gelatin_plate_2_stitched/F4_R3D_STC_w597_reduced.jpg,2384.7414348432703,0,6726
112,F5_R3D_STC_w435.tif,gelatin_plate_2_stitched/F5_R3D_STC_w435_reduced.jpg,490.3404601739555,0,15031
113,F5_R3D_STC_w-50.tif,gelatin_plate_2_stitched/F5_R3D_STC_w-50_reduced.jpg,12689.311930915048,0,48549
114,F5_R3D_STC_w525.tif,gelatin_plate_2_stitched/F5_R3D_STC_w525_reduced.jpg,928.8534823903739,0,2815
115,F5_R3D_STC_w597.tif,gelatin_plate_2_stitched/F5_R3D_STC_w597_reduced.jpg,2636.7804392841913,0,59444
116,F6_R3D_STC_w435.tif,gelatin_plate_2_stitched/F6_R3D_STC_w435_reduced.jpg,736.413610265815,0,41155
117,F6_R3D_STC_w-50.tif,gelatin_plate_2_stitched/F6_R3D_STC_w-50_reduced.jpg,4851.343032023131,0,15402
118,F6_R3D_STC_w525.tif,gelatin_plate_2_stitched/F6_R3D_STC_w525_reduced.jpg,1127.0534811034868,0,3013
119,F6_R3D_STC_w597.tif,gelatin_plate_2_stitched/F6_R3D_STC_w597_reduced.jpg,2010.43408210825,0,65535
120,F7_R3D_STC_w435.tif,gelatin_plate_2_stitched/F7_R3D_STC_w435_reduced.jpg,427.75733127459523,0,4331
121,F7_R3D_STC_w-50.tif,gelatin_plate_2_stitched/F7_R3D_STC_w-50_reduced.jpg,7879.956074639875,0,22386
122,F7_R3D_STC_w525.tif,gelatin_plate_2_stitched/F7_R3D_STC_w525_reduced.jpg,1182.2133148566581,0,3077
123,F7_R3D_STC_w597.tif,gelatin_plate_2_stitched/F7_R3D_STC_w597_reduced.jpg,2328.4737578401223,0,56393
124,F8_R3D_STC_w435.tif,gelatin_plate_2_stitched/F8_R3D_STC_w435_reduced.jpg,25189.00750228818,0,65535
125,F8_R3D_STC_w-50.tif,gelatin_plate_2_stitched/F8_R3D_STC_w-50_reduced.jpg,7614.163098411738,0,65535
126,F8_R3D_STC_w525.tif,gelatin_plate_2_stitched/F8_R3D_STC_w525_reduced.jpg,7849.812998108381,0,65535
127,F8_R3D_STC_w597.tif,gelatin_plate_2_stitched/F8_R3D_STC_w597_reduced.jpg,2958.8013862464045,0,30973
128,F9_R3D_STC_w435.tif,gelatin_plate_2_stitched/F9_R3D_STC_w435_reduced.jpg,1876.258551233033,0,65535
129,F9_R3D_STC_w-50.tif,gelatin_plate_2_stitched/F9_R3D_STC_w-50_reduced.jpg,10368.433391513992,0,31655
130,F9_R3D_STC_w525.tif,gelatin_plate_2_stitched/F9_R3D_STC_w525_reduced.jpg,2294.462520493941,0,65535
131,F9_R3D_STC_w597.tif,gelatin_plate_2_stitched/F9_R3D_STC_w597_reduced.jpg,2432.655866185258,0,6390
132,F10_R3D_STC_w435.tif,gelatin_plate_2_stitched/F10_R3D_STC_w435_reduced.jpg,1412.0056209805216,0,65535
133,F10_R3D_STC_w-50.tif,gelatin_plate_2_stitched/F10_R3D_STC_w-50_reduced.jpg,4447.612286043151,0,12703
134,F10_R3D_STC_w525.tif,gelatin_plate_2_stitched/F10_R3D_STC_w525_reduced.jpg,1588.9531233172238,0,24749
135,F10_R3D_STC_w597.tif,gelatin_plate_2_stitched/F10_R3D_STC_w597_reduced.jpg,2305.113611457768,0,13123
136,F11_R3D_STC_w435.tif,gelatin_plate_2_stitched/F11_R3D_STC_w435_reduced.jpg,758.3256641365974,0,65535
137,F11_R3D_STC_w-50.tif,gelatin_plate_2_stitched/F11_R3D_STC_w-50_reduced.jpg,8299.376615003775,0,23433
138,F11_R3D_STC_w525.tif,gelatin_plate_2_stitched/F11_R3D_STC_w525_reduced.jpg,1582.8693410062044,0,25107
139,F11_R3D_STC_w597.tif,gelatin_plate_2_stitched/F11_R3D_STC_w597_reduced.jpg,2897.647374655349,0,11705
140,F12_R3D_STC_w435.tif,gelatin_plate_2_stitched/F12_R3D_STC_w435_reduced.jpg,7616.983584568156,0,65535
141,F12_R3D_STC_w-50.tif,gelatin_plate_2_stitched/F12_R3D_STC_w-50_reduced.jpg,3859.1243856036995,0,35962
142,F12_R3D_STC_w525.tif,gelatin_plate_2_stitched/F12_R3D_STC_w525_reduced.jpg,7988.529602069188,0,65535
143,F12_R3D_STC_w597.tif,gelatin_plate_2_stitched/F12_R3D_STC_w597_reduced.jpg,2327.541667084202,0,65535
144,E1_R3D_STC_w435.tif,gelatin_plate_2_stitched/E1_R3D_STC_w435_reduced.jpg,863.1236592772273,0,65535
145,E1_R3D_STC_w-50.tif,gelatin_plate_2_stitched/E1_R3D_STC_w-50_reduced.jpg,2994.057188867878,0,65535
146,E1_R3D_STC_w525.tif,gelatin_plate_2_stitched/E1_R3D_STC_w525_reduced.jpg,425.07467178313294,0,65535
147,E1_R3D_STC_w597.tif,gelatin_plate_2_stitched/E1_R3D_STC_w597_reduced.jpg,3055.901460258236,0,8330
148,E2_R3D_STC_w435.tif,gelatin_plate_2_stitched/E2_R3D_STC_w435_reduced.jpg,404.48721965506996,0,63889
149,E2_R3D_STC_w-50.tif,gelatin_plate_2_stitched/E2_R3D_STC_w-50_reduced.jpg,1974.6688065735882,0,4745
150,E2_R3D_STC_w525.tif,gelatin_plate_2_stitched/E2_R3D_STC_w525_reduced.jpg,1685.5966107296217,0,22634
151,E2_R3D_STC_w597.tif,gelatin_plate_2_stitched/E2_R3D_STC_w597_reduced.jpg,2565.6128946510958,0,7063
152,E3_R3D_STC_w435.tif,gelatin_plate_2_stitched/E3_R3D_STC_w435_reduced.jpg,452.2877096426135,0,61942
153,E3_R3D_STC_w-50.tif,gelatin_plate_2_stitched/E3_R3D_STC_w-50_reduced.jpg,4084.340507008208,0,10670
154,E3_R3D_STC_w525.tif,gelatin_plate_2_stitched/E3_R3D_STC_w525_reduced.jpg,2060.6775785024874,0,6410
155,E3_R3D_STC_w597.tif,gelatin_plate_2_stitched/E3_R3D_STC_w597_reduced.jpg,3866.9802959914205,0,8378
156,E4_R3D_STC_w435.tif,gelatin_plate_2_stitched/E4_R3D_STC_w435_reduced.jpg,505.9586936397503,0,65535
157,E4_R3D_STC_w-50.tif,gelatin_plate_2_stitched/E4_R3D_STC_w-50_reduced.jpg,3323.035813224579,0,39406
158,E4_R3D_STC_w525.tif,gelatin_plate_2_stitched/E4_R3D_STC_w525_reduced.jpg,744.7616064559962,0,3034
159,E4_R3D_STC_w597.tif,gelatin_plate_2_stitched/E4_R3D_STC_w597_reduced.jpg,2062.482475972921,0,65535
160,E5_R3D_STC_w435.tif,gelatin_plate_2_stitched/E5_R3D_STC_w435_reduced.jpg,646.3192144851591,0,65535
161,E5_R3D_STC_w-50.tif,gelatin_plate_2_stitched/E5_R3D_STC_w-50_reduced.jpg,3855.1239550766695,0,10152
162,E5_R3D_STC_w525.tif,gelatin_plate_2_stitched/E5_R3D_STC_w525_reduced.jpg,771.257471882835,0,65535
163,E5_R3D_STC_w597.tif,gelatin_plate_2_stitched/E5_R3D_STC_w597_reduced.jpg,1913.826328993113,0,7109
164,E6_R3D_STC_w435.tif,gelatin_plate_2_stitched/E6_R3D_STC_w435_reduced.jpg,444.19518477958525,0,65535
165,E6_R3D_STC_w-50.tif,gelatin_plate_2_stitched/E6_R3D_STC_w-50_reduced.jpg,16813.31981832002,0,47768
166,E6_R3D_STC_w525.tif,gelatin_plate_2_stitched/E6_R3D_STC_w525_reduced.jpg,1019.1012675996317,0,50116
167,E6_R3D_STC_w597.tif,gelatin_plate_2_stitched/E6_R3D_STC_w597_reduced.jpg,1799.784064851305,0,6205
168,E7_R3D_STC_w435.tif,gelatin_plate_2_stitched/E7_R3D_STC_w435_reduced.jpg,450.33970473429946,0,63429
169,E7_R3D_STC_w-50.tif,gelatin_plate_2_stitched/E7_R3D_STC_w-50_reduced.jpg,12546.654284395301,0,29251
170,E7_R3D_STC_w525.tif,gelatin_plate_2_stitched/E7_R3D_STC_w525_reduced.jpg,909.8446795814579,0,3664
171,E7_R3D_STC_w597.tif,gelatin_plate_2_stitched/E7_R3D_STC_w597_reduced.jpg,2000.4385929640396,0,6156
172,E8_R3D_STC_w435.tif,gelatin_plate_2_stitched/E8_R3D_STC_w435_reduced.jpg,1064.656596256361,0,65535
173,E8_R3D_STC_w-50.tif,gelatin_plate_2_stitched/E8_R3D_STC_w-50_reduced.jpg,6994.150337528339,0,20665
174,E8_R3D_STC_w525.tif,gelatin_plate_2_stitched/E8_R3D_STC_w525_reduced.jpg,667.9801198355611,0,32744
175,E8_R3D_STC_w597.tif,gelatin_plate_2_stitched/E8_R3D_STC_w597_reduced.jpg,2864.845307202633,0,7174
176,E9_R3D_STC_w435.tif,gelatin_plate_2_stitched/E9_R3D_STC_w435_reduced.jpg,429.91695044988836,0,3076
177,E9_R3D_STC_w-50.tif,gelatin_plate_2_stitched/E9_R3D_STC_w-50_reduced.jpg,1737.0887538354773,0,4567
178,E9_R3D_STC_w525.tif,gelatin_plate_2_stitched/E9_R3D_STC_w525_reduced.jpg,766.8019109166106,0,3094
179,E9_R3D_STC_w597.tif,gelatin_plate_2_stitched/E9_R3D_STC_w597_reduced.jpg,2642.616247598558,0,65535
180,E10_R3D_STC_w435.tif,gelatin_plate_2_stitched/E10_R3D_STC_w435_reduced.jpg,1103.1247978295066,0,65535
181,E10_R3D_STC_w-50.tif,gelatin_plate_2_stitched/E10_R3D_STC_w-50_reduced.jpg,1775.7596878602558,0,5289
182,E10_R3D_STC_w525.tif,gelatin_plate_2_stitched/E10_R3D_STC_w525_reduced.jpg,912.3114842491873,0,12456
183,E10_R3D_STC_w597.tif,gelatin_plate_2_stitched/E10_R3D_STC_w597_reduced.jpg,2179.620657270211,0,6329
184,E11_R3D_STC_w435.tif,gelatin_plate_2_stitched/E11_R3D_STC_w435_reduced.jpg,726.2933759015198,0,65535
185,E11_R3D_STC_w-50.tif,gelatin_plate_2_stitched/E11_R3D_STC_w-50_reduced.jpg,2518.9544098351507,0,39219
186,E11_R3D_STC_w525.tif,gelatin_plate_2_stitched/E11_R3D_STC_w525_reduced.jpg,1152.704118518717,0,22565
187,E11_R3D_STC_w597.tif,gelatin_plate_2_stitched/E11_R3D_STC_w597_reduced.jpg,2803.8622951146494,0,7300
188,E12_R3D_STC_w435.tif,gelatin_plate_2_stitched/E12_R3D_STC_w435_reduced.jpg,812.8436996485638,0,65535
189,E12_R3D_STC_w-50.tif,gelatin_plate_2_stitched/E12_R3D_STC_w-50_reduced.jpg,2120.2084977059126,0,4648
190,E12_R3D_STC_w525.tif,gelatin_plate_2_stitched/E12_R3D_STC_w525_reduced.jpg,1316.0728222520925,0,65311
191,E12_R3D_STC_w597.tif,gelatin_plate_2_stitched/E12_R3D_STC_w597_reduced.jpg,2232.8897706292487,0,14454
192,D1_R3D_STC_w435.tif,gelatin_plate_2_stitched/D1_R3D_STC_w435_reduced.jpg,1540.5863919493186,0,65535
193,D1_R3D_STC_w-50.tif,gelatin_plate_2_stitched/D1_R3D_STC_w-50_reduced.jpg,3591.2784855100203,0,61703
194,D1_R3D_STC_w525.tif,gelatin_plate_2_stitched/D1_R3D_STC_w525_reduced.jpg,374.42818513263535,0,29092
195,D1_R3D_STC_w597.tif,gelatin_plate_2_stitched/D1_R3D_STC_w597_reduced.jpg,2381.8707833746,0,7133
196,D2_R3D_STC_w435.tif,gelatin_plate_2_stitched/D2_R3D_STC_w435_reduced.jpg,359.9209875044316,0,41746
197,D2_R3D_STC_w-50.tif,gelatin_plate_2_stitched/D2_R3D_STC_w-50_reduced.jpg,3249.9162503094594,0,15380
198,D2_R3D_STC_w525.tif,gelatin_plate_2_stitched/D2_R3D_STC_w525_reduced.jpg,697.9485254910713,0,9893
199,D2_R3D_STC_w597.tif,gelatin_plate_2_stitched/D2_R3D_STC_w597_reduced.jpg,2116.8001759923613,0,6828
200,D3_R3D_STC_w435.tif,gelatin_plate_2_stitched/D3_R3D_STC_w435_reduced.jpg,225.46587178005285,0,22090
201,D3_R3D_STC_w-50.tif,gelatin_plate_2_stitched/D3_R3D_STC_w-50_reduced.jpg,2080.2948737273664,0,20345
202,D3_R3D_STC_w525.tif,gelatin_plate_2_stitched/D3_R3D_STC_w525_reduced.jpg,241.3418499329289,0,7829
203,D3_R3D_STC_w597.tif,gelatin_plate_2_stitched/D3_R3D_STC_w597_reduced.jpg,4618.259560490076,0,18649
204,D4_R3D_STC_w435.tif,gelatin_plate_2_stitched/D4_R3D_STC_w435_reduced.jpg,386.38601436925495,0,65535
205,D4_R3D_STC_w-50.tif,gelatin_plate_2_stitched/D4_R3D_STC_w-50_reduced.jpg,2836.643286468139,0,6976
206,D4_R3D_STC_w525.tif,gelatin_plate_2_stitched/D4_R3D_STC_w525_reduced.jpg,597.119999902956,0,2805
207,D4_R3D_STC_w597.tif,gelatin_plate_2_stitched/D4_R3D_STC_w597_reduced.jpg,3674.7236107447056,0,8409
208,D5_R3D_STC_w435.tif,gelatin_plate_2_stitched/D5_R3D_STC_w435_reduced.jpg,1026.598573654404,0,61841
209,D5_R3D_STC_w-50.tif,gelatin_plate_2_stitched/D5_R3D_STC_w-50_reduced.jpg,8909.645869102906,0,27520
210,D5_R3D_STC_w525.tif,gelatin_plate_2_stitched/D5_R3D_STC_w525_reduced.jpg,729.5356545524528,0,6535
211,D5_R3D_STC_w597.tif,gelatin_plate_2_stitched/D5_R3D_STC_w597_reduced.jpg,3613.1383488299507,0,65535
212,D6_R3D_STC_w435.tif,gelatin_plate_2_stitched/D6_R3D_STC_w435_reduced.jpg,1766.6182849940208,0,47297
213,D6_R3D_STC_w-50.tif,gelatin_plate_2_stitched/D6_R3D_STC_w-50_reduced.jpg,7800.313972767148,0,23184
214,D6_R3D_STC_w525.tif,gelatin_plate_2_stitched/D6_R3D_STC_w525_reduced.jpg,891.6976929173003,0,3234
215,D6_R3D_STC_w597.tif,gelatin_plate_2_stitched/D6_R3D_STC_w597_reduced.jpg,2480.4748628225802,0,6475
216,D7_R3D_STC_w435.tif,gelatin_plate_2_stitched/D7_R3D_STC_w435_reduced.jpg,442.7076182187773,0,65535
217,D7_R3D_STC_w-50.tif,gelatin_plate_2_stitched/D7_R3D_STC_w-50_reduced.jpg,19609.931529219564,0,49400
218,D7_R3D_STC_w525.tif,gelatin_plate_2_stitched/D7_R3D_STC_w525_reduced.jpg,756.1360145274788,0,65535
219,D7_R3D_STC_w597.tif,gelatin_plate_2_stitched/D7_R3D_STC_w597_reduced.jpg,2121.4340704260576,0,6519
220,D8_R3D_STC_w435.tif,gelatin_plate_2_stitched/D8_R3D_STC_w435_reduced.jpg,1540.8387080296798,0,65535
221,D8_R3D_STC_w-50.tif,gelatin_plate_2_stitched/D8_R3D_STC_w-50_reduced.jpg,5464.257157914023,0,16841
222,D8_R3D_STC_w525.tif,gelatin_plate_2_stitched/D8_R3D_STC_w525_reduced.jpg,661.9765900466033,0,65535
223,D8_R3D_STC_w597.tif,gelatin_plate_2_stitched/D8_R3D_STC_w597_reduced.jpg,2090.6624450264503,0,7970
224,D9_R3D_STC_w435.tif,gelatin_plate_2_stitched/D9_R3D_STC_w435_reduced.jpg,456.83705564552633,0,65535
225,D9_R3D_STC_w-50.tif,gelatin_plate_2_stitched/D9_R3D_STC_w-50_reduced.jpg,4151.440694097334,0,9673
226,D9_R3D_STC_w525.tif,gelatin_plate_2_stitched/D9_R3D_STC_w525_reduced.jpg,1069.922882577563,0,65202
227,D9_R3D_STC_w597.tif,gelatin_plate_2_stitched/D9_R3D_STC_w597_reduced.jpg,2239.7367336442185,0,6762
228,D10_R3D_STC_w435.tif,gelatin_plate_2_stitched/D10_R3D_STC_w435_reduced.jpg,453.7863292922674,0,65535
229,D10_R3D_STC_w-50.tif,gelatin_plate_2_stitched/D10_R3D_STC_w-50_reduced.jpg,3955.681480102814,0,9273
230,D10_R3D_STC_w525.tif,gelatin_plate_2_stitched/D10_R3D_STC_w525_reduced.jpg,1456.6357382455753,0,19497
231,D10_R3D_STC_w597.tif,gelatin_plate_2_stitched/D10_R3D_STC_w597_reduced.jpg,2352.633652798649,0,6752
232,D11_R3D_STC_w435.tif,gelatin_plate_2_stitched/D11_R3D_STC_w435_reduced.jpg,585.0384622869819,0,65535
233,D11_R3D_STC_w-50.tif,gelatin_plate_2_stitched/D11_R3D_STC_w-50_reduced.jpg,2901.38192554915,0,26404
234,D11_R3D_STC_w525.tif,gelatin_plate_2_stitched/D11_R3D_STC_w525_reduced.jpg,1013.4775166053269,0,60059
235,D11_R3D_STC_w597.tif,gelatin_plate_2_stitched/D11_R3D_STC_w597_reduced.jpg,2683.3039596514477,0,11198
236,D12_R3D_STC_w435.tif,gelatin_plate_2_stitched/D12_R3D_STC_w435_reduced.jpg,960.5864975373516,0,65535
237,D12_R3D_STC_w-50.tif,gelatin_plate_2_stitched/D12_R3D_STC_w-50_reduced.jpg,3488.2550487113144,0,9262
238,D12_R3D_STC_w525.tif,gelatin_plate_2_stitched/D12_R3D_STC_w525_reduced.jpg,1312.7769297742536,0,65535
239,D12_R3D_STC_w597.tif,gelatin_plate_2_stitched/D12_R3D_STC_w597_reduced.jpg,2294.3311928726284,0,6770
240,C1_R3D_STC_w435.tif,gelatin_plate_2_stitched/C1_R3D_STC_w435_reduced.jpg,901.2937472000975,0,65535
241,C1_R3D_STC_w-50.tif,gelatin_plate_2_stitched/C1_R3D_STC_w-50_reduced.jpg,8458.49582241633,0,65535
242,C1_R3D_STC_w525.tif,gelatin_plate_2_stitched/C1_R3D_STC_w525_reduced.jpg,1387.6579600402563,0,65535
243,C1_R3D_STC_w597.tif,gelatin_plate_2_stitched/C1_R3D_STC_w597_reduced.jpg,1885.6719151707218,0,6158
244,C2_R3D_STC_w435.tif,gelatin_plate_2_stitched/C2_R3D_STC_w435_reduced.jpg,320.27727056200365,0,65535
245,C2_R3D_STC_w-50.tif,gelatin_plate_2_stitched/C2_R3D_STC_w-50_reduced.jpg,9626.989842214982,0,29074
246,C2_R3D_STC_w525.tif,gelatin_plate_2_stitched/C2_R3D_STC_w525_reduced.jpg,651.3114423462441,0,5021
247,C2_R3D_STC_w597.tif,gelatin_plate_2_stitched/C2_R3D_STC_w597_reduced.jpg,1700.5287839201555,0,5955
248,C3_R3D_STC_w435.tif,gelatin_plate_2_stitched/C3_R3D_STC_w435_reduced.jpg,347.2810344694824,0,65535
249,C3_R3D_STC_w-50.tif,gelatin_plate_2_stitched/C3_R3D_STC_w-50_reduced.jpg,6495.712742772045,0,15127
250,C3_R3D_STC_w525.tif,gelatin_plate_2_stitched/C3_R3D_STC_w525_reduced.jpg,1091.0459975120887,0,63111
251,C3_R3D_STC_w597.tif,gelatin_plate_2_stitched/C3_R3D_STC_w597_reduced.jpg,1825.63582515993,0,5897
252,C4_R3D_STC_w435.tif,gelatin_plate_2_stitched/C4_R3D_STC_w435_reduced.jpg,340.20580194111096,0,65535
253,C4_R3D_STC_w-50.tif,gelatin_plate_2_stitched/C4_R3D_STC_w-50_reduced.jpg,12105.249180796141,0,25993
254,C4_R3D_STC_w525.tif,gelatin_plate_2_stitched/C4_R3D_STC_w525_reduced.jpg,599.7965719700586,0,46461
255,C4_R3D_STC_w597.tif,gelatin_plate_2_stitched/C4_R3D_STC_w597_reduced.jpg,1869.667996203894,0,6103
256,C5_R3D_STC_w435.tif,gelatin_plate_2_stitched/C5_R3D_STC_w435_reduced.jpg,390.5577521446976,0,65535
257,C5_R3D_STC_w-50.tif,gelatin_plate_2_stitched/C5_R3D_STC_w-50_reduced.jpg,13233.268160192341,0,49916
258,C5_R3D_STC_w525.tif,gelatin_plate_2_stitched/C5_R3D_STC_w525_reduced.jpg,557.4346006604684,0,65535
259,C5_R3D_STC_w597.tif,gelatin_plate_2_stitched/C5_R3D_STC_w597_reduced.jpg,1919.8425469616227,0,5824
260,C6_R3D_STC_w435.tif,gelatin_plate_2_stitched/C6_R3D_STC_w435_reduced.jpg,776.4069335631868,0,65535
261,C6_R3D_STC_w-50.tif,gelatin_plate_2_stitched/C6_R3D_STC_w-50_reduced.jpg,3860.433719881172,0,16414
262,C6_R3D_STC_w525.tif,gelatin_plate_2_stitched/C6_R3D_STC_w525_reduced.jpg,436.981959002941,0,53739
263,C6_R3D_STC_w597.tif,gelatin_plate_2_stitched/C6_R3D_STC_w597_reduced.jpg,2019.4613886661741,0,6196
264,C7_R3D_STC_w435.tif,gelatin_plate_2_stitched/C7_R3D_STC_w435_reduced.jpg,345.5898029649246,0,64964
265,C7_R3D_STC_w-50.tif,gelatin_plate_2_stitched/C7_R3D_STC_w-50_reduced.jpg,8642.978198708239,0,22067
266,C7_R3D_STC_w525.tif,gelatin_plate_2_stitched/C7_R3D_STC_w525_reduced.jpg,578.067316906817,0,3231
267,C7_R3D_STC_w597.tif,gelatin_plate_2_stitched/C7_R3D_STC_w597_reduced.jpg,2660.0797472870154,0,6930
268,C8_R3D_STC_w435.tif,gelatin_plate_2_stitched/C8_R3D_STC_w435_reduced.jpg,28872.169701751252,0,65535
269,C8_R3D_STC_w-50.tif,gelatin_plate_2_stitched/C8_R3D_STC_w-50_reduced.jpg,13033.921515233631,0,55125
270,C8_R3D_STC_w525.tif,gelatin_plate_2_stitched/C8_R3D_STC_w525_reduced.jpg,9374.119854178813,0,65535
271,C8_R3D_STC_w597.tif,gelatin_plate_2_stitched/C8_R3D_STC_w597_reduced.jpg,2748.4344334442553,0,42914
272,C9_R3D_STC_w435.tif,gelatin_plate_2_stitched/C9_R3D_STC_w435_reduced.jpg,394.80755505055197,0,65535
273,C9_R3D_STC_w-50.tif,gelatin_plate_2_stitched/C9_R3D_STC_w-50_reduced.jpg,11924.622374183315,0,24794
274,C9_R3D_STC_w525.tif,gelatin_plate_2_stitched/C9_R3D_STC_w525_reduced.jpg,967.4482722538382,0,37899
275,C9_R3D_STC_w597.tif,gelatin_plate_2_stitched/C9_R3D_STC_w597_reduced.jpg,1750.1540561838037,0,5879
276,C10_R3D_STC_w435.tif,gelatin_plate_2_stitched/C10_R3D_STC_w435_reduced.jpg,3088.8651545883695,0,65535
277,C10_R3D_STC_w-50.tif,gelatin_plate_2_stitched/C10_R3D_STC_w-50_reduced.jpg,9984.197270406945,0,26808
278,C10_R3D_STC_w525.tif,gelatin_plate_2_stitched/C10_R3D_STC_w525_reduced.jpg,1750.3904187667804,0,60735
279,C10_R3D_STC_w597.tif,gelatin_plate_2_stitched/C10_R3D_STC_w597_reduced.jpg,1976.695559216269,0,39586
280,C11_R3D_STC_w435.tif,gelatin_plate_2_stitched/C11_R3D_STC_w435_reduced.jpg,1387.6156642800536,0,65535
281,C11_R3D_STC_w-50.tif,gelatin_plate_2_stitched/C11_R3D_STC_w-50_reduced.jpg,8130.49970718044,0,65535
282,C11_R3D_STC_w525.tif,gelatin_plate_2_stitched/C11_R3D_STC_w525_reduced.jpg,430.03925881209136,0,27425
283,C11_R3D_STC_w597.tif,gelatin_plate_2_stitched/C11_R3D_STC_w597_reduced.jpg,2082.0838030383406,0,6149
284,C12_R3D_STC_w435.tif,gelatin_plate_2_stitched/C12_R3D_STC_w435_reduced.jpg,2125.339790860802,0,65535
285,C12_R3D_STC_w-50.tif,gelatin_plate_2_stitched/C12_R3D_STC_w-50_reduced.jpg,5321.042773437933,0,16482
286,C12_R3D_STC_w525.tif,gelatin_plate_2_stitched/C12_R3D_STC_w525_reduced.jpg,957.0683349980238,0,65535
287,C12_R3D_STC_w597.tif,gelatin_plate_2_stitched/C12_R3D_STC_w597_reduced.jpg,1996.043461975281,0,8197
288,B1_R3D_STC_w435.tif,gelatin_plate_2_stitched/B1_R3D_STC_w435_reduced.jpg,105.0574398372362,0,523
289,B1_R3D_STC_w-50.tif,gelatin_plate_2_stitched/B1_R3D_STC_w-50_reduced.jpg,8229.275210672387,0,24058
290,B1_R3D_STC_w525.tif,gelatin_plate_2_stitched/B1_R3D_STC_w525_reduced.jpg,111.11548234902467,0,361
291,B1_R3D_STC_w597.tif,gelatin_plate_2_stitched/B1_R3D_STC_w597_reduced.jpg,1569.9914694151762,0,64271
292,B2_R3D_STC_w435.tif,gelatin_plate_2_stitched/B2_R3D_STC_w435_reduced.jpg,365.93413513960246,0,65535
293,B2_R3D_STC_w-50.tif,gelatin_plate_2_stitched/B2_R3D_STC_w-50_reduced.jpg,14451.71939537191,0,65535
294,B2_R3D_STC_w525.tif,gelatin_plate_2_stitched/B2_R3D_STC_w525_reduced.jpg,2103.786650123135,0,65535
295,B2_R3D_STC_w597.tif,gelatin_plate_2_stitched/B2_R3D_STC_w597_reduced.jpg,1585.1356286723092,0,10418
296,B3_R3D_STC_w435.tif,gelatin_plate_2_stitched/B3_R3D_STC_w435_reduced.jpg,235.23246218107747,0,65535
297,B3_R3D_STC_w-50.tif,gelatin_plate_2_stitched/B3_R3D_STC_w-50_reduced.jpg,20356.029913743754,0,65535
298,B3_R3D_STC_w525.tif,gelatin_plate_2_stitched/B3_R3D_STC_w525_reduced.jpg,921.6639524775794,0,65535
299,B3_R3D_STC_w597.tif,gelatin_plate_2_stitched/B3_R3D_STC_w597_reduced.jpg,1593.0560544030473,0,6651
300,B4_R3D_STC_w435.tif,gelatin_plate_2_stitched/B4_R3D_STC_w435_reduced.jpg,1732.8156175829286,0,65535
301,B4_R3D_STC_w-50.tif,gelatin_plate_2_stitched/B4_R3D_STC_w-50_reduced.jpg,21952.085835581605,0,65535
302,B4_R3D_STC_w525.tif,gelatin_plate_2_stitched/B4_R3D_STC_w525_reduced.jpg,678.8099616876829,0,65535
303,B4_R3D_STC_w597.tif,gelatin_plate_2_stitched/B4_R3D_STC_w597_reduced.jpg,2545.1803088391953,0,41613
304,B5_R3D_STC_w435.tif,gelatin_plate_2_stitched/B5_R3D_STC_w435_reduced.jpg,1037.2754279136996,0,65535
305,B5_R3D_STC_w-50.tif,gelatin_plate_2_stitched/B5_R3D_STC_w-50_reduced.jpg,16948.319662785998,0,62337
306,B5_R3D_STC_w525.tif,gelatin_plate_2_stitched/B5_R3D_STC_w525_reduced.jpg,664.9745653090465,0,65535
307,B5_R3D_STC_w597.tif,gelatin_plate_2_stitched/B5_R3D_STC_w597_reduced.jpg,2869.8246364464785,0,7249
308,B6_R3D_STC_w435.tif,gelatin_plate_2_stitched/B6_R3D_STC_w435_reduced.jpg,1567.816157284398,0,65535
309,B6_R3D_STC_w-50.tif,gelatin_plate_2_stitched/B6_R3D_STC_w-50_reduced.jpg,3288.56336033546,0,8648
310,B6_R3D_STC_w525.tif,gelatin_plate_2_stitched/B6_R3D_STC_w525_reduced.jpg,667.1015585732472,0,65535
311,B6_R3D_STC_w597.tif,gelatin_plate_2_stitched/B6_R3D_STC_w597_reduced.jpg,4036.9475768337534,0,16627
312,B7_R3D_STC_w435.tif,gelatin_plate_2_stitched/B7_R3D_STC_w435_reduced.jpg,733.9719953585568,0,65535
313,B7_R3D_STC_w-50.tif,gelatin_plate_2_stitched/B7_R3D_STC_w-50_reduced.jpg,6202.648972214947,0,24000
314,B7_R3D_STC_w525.tif,gelatin_plate_2_stitched/B7_R3D_STC_w525_reduced.jpg,980.227933577849,0,65535
315,B7_R3D_STC_w597.tif,gelatin_plate_2_stitched/B7_R3D_STC_w597_reduced.jpg,3559.709596965942,0,9408
316,B8_R3D_STC_w435.tif,gelatin_plate_2_stitched/B8_R3D_STC_w435_reduced.jpg,20278.48836366607,0,65535
317,B8_R3D_STC_w-50.tif,gelatin_plate_2_stitched/B8_R3D_STC_w-50_reduced.jpg,21006.86192945939,0,65535
318,B8_R3D_STC_w525.tif,gelatin_plate_2_stitched/B8_R3D_STC_w525_reduced.jpg,3396.6018693512115,0,65535
319,B8_R3D_STC_w597.tif,gelatin_plate_2_stitched/B8_R3D_STC_w597_reduced.jpg,2834.326251727145,0,65403
320,B9_R3D_STC_w435.tif,gelatin_plate_2_stitched/B9_R3D_STC_w435_reduced.jpg,568.3136597213088,0,65535
321,B9_R3D_STC_w-50.tif,gelatin_plate_2_stitched/B9_R3D_STC_w-50_reduced.jpg,24101.60646330088,0,65535
322,B9_R3D_STC_w525.tif,gelatin_plate_2_stitched/B9_R3D_STC_w525_reduced.jpg,871.847655270578,0,62773
323,B9_R3D_STC_w597.tif,gelatin_plate_2_stitched/B9_R3D_STC_w597_reduced.jpg,2780.3660763740077,0,9268
324,B10_R3D_STC_w435.tif,gelatin_plate_2_stitched/B10_R3D_STC_w435_reduced.jpg,28561.835439758335,0,65535
325,B10_R3D_STC_w-50.tif,gelatin_plate_2_stitched/B10_R3D_STC_w-50_reduced.jpg,15904.549778797818,0,65535
326,B10_R3D_STC_w525.tif,gelatin_plate_2_stitched/B10_R3D_STC_w525_reduced.jpg,10663.312952724515,0,65535
327,B10_R3D_STC_w597.tif,gelatin_plate_2_stitched/B10_R3D_STC_w597_reduced.jpg,3540.0258700701806,0,37156
328,B11_R3D_STC_w435.tif,gelatin_plate_2_stitched/B11_R3D_STC_w435_reduced.jpg,5017.047991606964,0,65535
329,B11_R3D_STC_w-50.tif,gelatin_plate_2_stitched/B11_R3D_STC_w-50_reduced.jpg,15268.36650494961,0,43290
330,B11_R3D_STC_w525.tif,gelatin_plate_2_stitched/B11_R3D_STC_w525_reduced.jpg,2329.3802554175572,0,56168
331,B11_R3D_STC_w597.tif,gelatin_plate_2_stitched/B11_R3D_STC_w597_reduced.jpg,1765.9634141684794,0,9121
332,B12_R3D_STC_w435.tif,gelatin_plate_2_stitched/B12_R3D_STC_w435_reduced.jpg,15635.616638852798,0,65535
333,B12_R3D_STC_w-50.tif,gelatin_plate_2_stitched/B12_R3D_STC_w-50_reduced.jpg,8688.860758377607,0,38625
334,B12_R3D_STC_w525.tif,gelatin_plate_2_stitched/B12_R3D_STC_w525_reduced.jpg,5365.002929961309,0,65535
335,B12_R3D_STC_w597.tif,gelatin_plate_2_stitched/B12_R3D_STC_w597_reduced.jpg,2223.550112159842,0,36565
336,A1_R3D_STC_w435.tif,gelatin_plate_2_stitched/A1_R3D_STC_w435_reduced.jpg,111.59852718934044,0,624
337,A1_R3D_STC_w-50.tif,gelatin_plate_2_stitched/A1_R3D_STC_w-50_reduced.jpg,12327.549441253655,0,65535
338,A1_R3D_STC_w525.tif,gelatin_plate_2_stitched/A1_R3D_STC_w525_reduced.jpg,108.60739286585647,0,332
339,A1_R3D_STC_w597.tif,gelatin_plate_2_stitched/A1_R3D_STC_w597_reduced.jpg,1491.4401093284444,0,45086
340,A2_R3D_STC_w435.tif,gelatin_plate_2_stitched/A2_R3D_STC_w435_reduced.jpg,121.32501586721266,0,12672
341,A2_R3D_STC_w-50.tif,gelatin_plate_2_stitched/A2_R3D_STC_w-50_reduced.jpg,17728.22239128731,0,65535
342,A2_R3D_STC_w525.tif,gelatin_plate_2_stitched/A2_R3D_STC_w525_reduced.jpg,108.25337794682646,0,9436
343,A2_R3D_STC_w597.tif,gelatin_plate_2_stitched/A2_R3D_STC_w597_reduced.jpg,1402.1118726570348,0,5671
344,A3_R3D_STC_w435.tif,gelatin_plate_2_stitched/A3_R3D_STC_w435_reduced.jpg,116.59234016308235,0,9350
345,A3_R3D_STC_w-50.tif,gelatin_plate_2_stitched/A3_R3D_STC_w-50_reduced.jpg,22871.549782832524,0,65535
346,A3_R3D_STC_w525.tif,gelatin_plate_2_stitched/A3_R3D_STC_w525_reduced.jpg,108.6019332472666,0,365
347,A3_R3D_STC_w597.tif,gelatin_plate_2_stitched/A3_R3D_STC_w597_reduced.jpg,1381.6387514832165,0,6861
348,A4_R3D_STC_w435.tif,gelatin_plate_2_stitched/A4_R3D_STC_w435_reduced.jpg,140.3962409025256,0,16763
349,A4_R3D_STC_w-50.tif,gelatin_plate_2_stitched/A4_R3D_STC_w-50_reduced.jpg,17276.953923692447,0,65535
350,A4_R3D_STC_w525.tif,gelatin_plate_2_stitched/A4_R3D_STC_w525_reduced.jpg,112.02868260416587,0,3765
351,A4_R3D_STC_w597.tif,gelatin_plate_2_stitched/A4_R3D_STC_w597_reduced.jpg,1499.9714664690487,0,5588
352,A5_R3D_STC_w435.tif,gelatin_plate_2_stitched/A5_R3D_STC_w435_reduced.jpg,107.96243943060097,0,1335
353,A5_R3D_STC_w-50.tif,gelatin_plate_2_stitched/A5_R3D_STC_w-50_reduced.jpg,7898.203438209008,0,38522
354,A5_R3D_STC_w525.tif,gelatin_plate_2_stitched/A5_R3D_STC_w525_reduced.jpg,110.70159632545206,0,1694
355,A5_R3D_STC_w597.tif,gelatin_plate_2_stitched/A5_R3D_STC_w597_reduced.jpg,1553.0139474302393,0,31247
356,A6_R3D_STC_w435.tif,gelatin_plate_2_stitched/A6_R3D_STC_w435_reduced.jpg,111.79077011333362,0,1076
357,A6_R3D_STC_w-50.tif,gelatin_plate_2_stitched/A6_R3D_STC_w-50_reduced.jpg,2817.7817467404047,0,9633
358,A6_R3D_STC_w525.tif,gelatin_plate_2_stitched/A6_R3D_STC_w525_reduced.jpg,112.77161440305157,0,630
359,A6_R3D_STC_w597.tif,gelatin_plate_2_stitched/A6_R3D_STC_w597_reduced.jpg,1540.4276350147638,0,21462
360,A7_R3D_STC_w435.tif,gelatin_plate_2_stitched/A7_R3D_STC_w435_reduced.jpg,112.4351635944698,0,904
361,A7_R3D_STC_w-50.tif,gelatin_plate_2_stitched/A7_R3D_STC_w-50_reduced.jpg,2385.2325442465017,0,10826
362,A7_R3D_STC_w525.tif,gelatin_plate_2_stitched/A7_R3D_STC_w525_reduced.jpg,115.69037488076516,0,673
363,A7_R3D_STC_w597.tif,gelatin_plate_2_stitched/A7_R3D_STC_w597_reduced.jpg,1753.80767614452,0,65535
364,A8_R3D_STC_w435.tif,gelatin_plate_2_stitched/A8_R3D_STC_w435_reduced.jpg,139.48238631275302,0,18296
365,A8_R3D_STC_w-50.tif,gelatin_plate_2_stitched/A8_R3D_STC_w-50_reduced.jpg,6503.626823068105,0,20856
366,A8_R3D_STC_w525.tif,gelatin_plate_2_stitched/A8_R3D_STC_w525_reduced.jpg,122.644201450153,0,20055
367,A8_R3D_STC_w597.tif,gelatin_plate_2_stitched/A8_R3D_STC_w597_reduced.jpg,1727.2894013717585,0,5840
368,A9_R3D_STC_w435.tif,gelatin_plate_2_stitched/A9_R3D_STC_w435_reduced.jpg,109.03379964180236,0,6036
369,A9_R3D_STC_w-50.tif,gelatin_plate_2_stitched/A9_R3D_STC_w-50_reduced.jpg,17197.160866506452,0,59702
370,A9_R3D_STC_w525.tif,gelatin_plate_2_stitched/A9_R3D_STC_w525_reduced.jpg,114.32102867954517,0,604
371,A9_R3D_STC_w597.tif,gelatin_plate_2_stitched/A9_R3D_STC_w597_reduced.jpg,2025.0772907302674,0,27629
372,A10_R3D_STC_w435.tif,gelatin_plate_2_stitched/A10_R3D_STC_w435_reduced.jpg,119.08982414054664,0,10791
373,A10_R3D_STC_w-50.tif,gelatin_plate_2_stitched/A10_R3D_STC_w-50_reduced.jpg,23451.59971903668,0,65535
374,A10_R3D_STC_w525.tif,gelatin_plate_2_stitched/A10_R3D_STC_w525_reduced.jpg,122.03938541752261,0,4053
375,A10_R3D_STC_w597.tif,gelatin_plate_2_stitched/A10_R3D_STC_w597_reduced.jpg,2022.9620141249575,0,11476
376,A11_R3D_STC_w435.tif,gelatin_plate_2_stitched/A11_R3D_STC_w435_reduced.jpg,118.5503826326778,0,6641
377,A11_R3D_STC_w-50.tif,gelatin_plate_2_stitched/A11_R3D_STC_w-50_reduced.jpg,21987.328735129202,0,65535
378,A11_R3D_STC_w525.tif,gelatin_plate_2_stitched/A11_R3D_STC_w525_reduced.jpg,149.51628476533455,0,3010
379,A11_R3D_STC_w597.tif,gelatin_plate_2_stitched/A11_R3D_STC_w597_reduced.jpg,1561.6497873577264,0,6373
380,A12_R3D_STC_w435.tif,gelatin_plate_2_stitched/A12_R3D_STC_w435_reduced.jpg,157.78565576550216,0,12486
381,A12_R3D_STC_w-50.tif,gelatin_plate_2_stitched/A12_R3D_STC_w-50_reduced.jpg,16774.75008644295,0,65535
382,A12_R3D_STC_w525.tif,gelatin_plate_2_stitched/A12_R3D_STC_w525_reduced.jpg,137.0508902938227,0,6265
383,A12_R3D_STC_w597.tif,gelatin_plate_2_stitched/A12_R3D_STC_w597_reduced.jpg,2541.343838173523,0,19759
