species_protein,uniprot_id,sequence
human_myh2,Q9UKX2,MSSDSELAVFGEAAPFLRKSERERIEAQNRPFDAKTSVFVAEPKESFVKGTIQSREGGKVTVKTEGGATLTVKDDQVFPMNPPKYDKIEDMAMMTHLHEPAVLYNLKERYAAWMIYTYSGLFCVTVNPYKWLPVYKPEVVTAYRGKKRQEAPPHIFSISDNAYQFMLTDRENQSILITGESGAGKTVNTKRVIQYFATIAVTGEKKKEEITSGKIQGTLEDQIISANPLLEAFGNAKTVRNDNSSRFGKFIRIHFGTTGKLASADIETYLLEKSRVVFQLKAERSYHIFYQITSNKKPELIEMLLITTNPYDYPFVSQGEISVASIDDQEELMATDSAIDILGFTNEEKVSIYKLTGAVMHYGNLKFKQKQREEQAEPDGTEVADKAAYLQSLNSADLLKALCYPRVKVGNEYVTKGQTVEQVSNAVGALAKAVYEKMFLWMVARINQQLDTKQPRQYFIGVLDIAGFEIFDFNSLEQLCINFTNEKLQQFFNHHMFVLEQEEYKKEGIEWTFIDFGMDLAACIELIEKPMGIFSILEEECMFPKATDTSFKNKLYDQHLGKSANFQKPKVVKGKAEAHFALIHYAGVVDYNITGWLEKNKDPLNETVVGLYQKSAMKTLAQLFSGAQTAEGEGAGGGAKKGGKKKGSSFQTVSALFRENLNKLMTNLRSTHPHFVRCIIPNETKTPGAMEHELVLHQLRCNGVLEGIRICRKGFPSRILYADFKQRYKVLNASAIPEGQFIDSKKASEKLLASIDIDHTQYKFGHTKVFFKAGLLGLLEEMRDDKLAQLITRTQARCRGFLARVEYQRMVERREAIFCIQYNIRSFMNVKHWPWMKLFFKIKPLLKSAETEKEMATMKEEFQKIKDELAKSEAKRKELEEKMVTLLKEKNDLQLQVQAEAEGLADAEERCDQLIKTKIQLEAKIKEVTERAEDEEEINAELTAKKRKLEDECSELKKDIDDLELTLAKVEKEKHATENKVKNLTEEMAGLDETIAKLTKEKKALQEAHQQTLDDLQAEEDKVNTLTKAKIKLEQQVDDLEGSLEQEKKLRMDLERAKRKLEGDLKLAQESIMDIENEKQQLDEKLKKKEFEISNLQSKIEDEQALGIQLQKKIKELQARIEELEEEIEAERASRAKAEKQRSDLSRELEEISERLEEAGGATSAQIEMNKKREAEFQKMRRDLEEATLQHEATAATLRKKHADSVAELGEQIDNLQRVKQKLEKEKSEMKMEIDDLASNVETVSKAKGNLEKMCRTLEDQLSELKSKEEEQQRLINDLTAQRGRLQTESGEFSRQLDEKEALVSQLSRGKQAFTQQIEELKRQLEEEIKAKNALAHALQSSRHDCDLLREQYEEEQESKAELQRALSKANTEVAQWRTKYETDAIQRTEELEEAKKKLAQRLQAAEEHVEAVNAKCASLEKTKQRLQNEVEDLMLDVERTNAACAALDKKQRNFDKILAEWKQKCEETHAELEASQKEARSLGTELFKIKNAYEESLDQLETLKRENKNLQQEISDLTEQIAEGGKRIHELEKIKKQVEQEKCELQAALEEAEASLEHEEGKILRIQLELNQVKSEVDRKIAEKDEEIDQLKRNHIRIVESMQSTLDAEIRSRNDAIRLKKKMEGDLNEMEIQLNHANRMAAEALRNYRNTQGILKDTQIHLDDALRSQEDLKEQLAMVERRANLLQAEIEELRATLEQTERSRKIAEQELLDASERVQLLHTQNTSLINTKKKLETDISQMQGEMEDILQEARNAEEKAKKAITDAAMMAEELKKEQDTSAHLERMKKNMEQTVKDLQLRLDEAEQLALKGGKKQIQKLEARVRELEGEVESEQKRNAEAVKGLRKHERRVKELTYQTEEDRKNILRLQDLVDKLQAKVKSYKRQAEEAEEQSNTNLAKFRKLQHELEEAEERADIAESQVNKLRVKSREVHTKVISEE
mouse_myh2,I6L963,MSSDAEMAVFGEAAPYLRKSEKERIEAQNRPFDAKTSVFVAEPKESFVKGTIQSKDAGKVTVKTEAGATLTVKEDQIFPMNPPKYDKIEDMAMMTHLHEPAVLYNLKERYAAWMIYTYSGLFCVTVNPYKWLPVYNPEVVAAYRGKKRQEAPPHIFSISDNAYQFMLTDRENQSILITGESGAGKTVNTKRVIQYFATIAVTGDKKKEEATSGKMQGTLEDQIISANPLLEAFGNAKTVRNDNSSRFGKFIRIHFGTTGKLASADIETYLLEKSRVTFQLKAERSYHIFYQITSNKKPELIEMLLITTNPYDYPFVSQGEISVASIDDQEELMATDSAIDILGFTNDEKVSIYKLTGAVMHYGNMKFKQKQREEQAEPDGTEVADKAAYLQGLNSADLLKALCYPRVKVGNEYVTKGQTVEQVTNAVGALAKAMYEKMFLWMVTRINQQLDTKQPRQYFIGVLDIAGFEIFDFNSLEQLCINFTNEKLQQFFNHHMFVLEQEEYKKEGIEWTFIDFGMDLAACIELIEKPMGIFSILEEECMFPKATDTSFKNKLYEQHLGKSANFQKPKVVKGKAEAHFSLIHYAGTVDYNITGWLDKNKDPLNETVVGLYQKSSVKTLAYLFSGAQTAEAEASSGGAAKKGAKKKGSSFQTVSALFRENLNKLMTNLRSTHPHFVRCIIPNETKTPGAMEHELVLHQLRCNGVLEGIRICRKGFPSRILYADFKQRYKVLNASAIPEGQYIDSKKASEKLLGSIDIDHTQYKFGHTKVFFKAGLLGLLEEMRDDKLAQLITRTQAMCRGFLARVEYQKMVERRESIFCIQYNIRAFMNVKHWPWMKLFFKIKPLLKSAETEKEMATMKEEFQKTKDDLAKSEAKRKELEEKMVSLLKEKNDLQLQVQAEAEGLADAEERCDQLIKTKIQLEAKIKEVTERAEDEEEINAELTAKKRKLEDECSELKKDIDDLELTLAKVEKEKHATENKVKNLTEEMAGLDETIAKLTKEKKALQEAHQQTLDDLQAEEDKVNTLTKAKIKLEQQVDDLEGSLEQEKKLRMDLERAKRKLEGDLKLAQESIMDIENEKQQLDERLKKKEFEMSNLQSKIEDEQAIGIQLQKKIKELQARIEELEEEIEAERASRAKAEKQRSDLSRELEEISERLEEAGGATSAQIEMNKKREAEFQKMRRDLEEATLQHEATAATLRKKHADSVAELGEQIDNLQRVKQKLEKEKSEMKMEIDDLASNVETVSKAKGNLEKMCRTLEDQVSELKSKEEEQQRLINDLTSQRGRLQTESGEFSRQLDEKEALVSQLSRGKQAFTQQIEELKRQLEEEVKAKNALAHALQSSRHDCDLLREQYEEEQESKAELQRALSKANSEVAQWRTKYETDAIQRTEELEEAKKKLAQRLQAAEEHVEAVNAKCASLEKTKQRLQNEVEDLMLDVERTNAACAALDKKQRNFDKILAEWKQKYEETHAELEASQKEARSLGTELFKMKNAYEESLDQLETLKRENKNLQQEISDLTEQIAEGGKRIHELEKIKKQVEQEKCELQAALEEAEASLEHEEGKILRIQLELNQVKSEIDRKPAMQKRKPRKPSLMPP
white_wagtail_bird_myh2,A0A7K5BNU1,TYSGLFCVTVNPYKWLPVYDPQVVAAYRGKKRNEVPPHIFSISWSHLGGWGDPNISLTCVPPGKVGNPNISLTCVPPGRAGSPNISLTCVPPGRVGNPPTSPSPVSHLGGWGTPTSPSPGKFIRIHFGATGKLASADIETCEWPQGGGSGAWPLSGPCPCVQSPPRPSVHFLILPSPHVSIRPSIPPGRCALTWPLPHLLHPSQSAFDVLGFTAEEKAGVYKLTGAIMHFGNMKFKQKQREEQAEPDGTEGGSGRGDADKSAYLMGLNSADLLKGLCHPRVKVGNEYVTKGQSVQQVYYSIGALAKAVYEKMFNWMVVRINNSLDTKQPRQYFIGVLDIAGFEIFDFNSFEQLCINFTNEKLQQFFNHHMFVLEQEEYKKEGIEWEFIDFGMDLQACIDLIEKPMGIMSILEEECMFPKASDMTFKSKLYDNHLGKSANFGKPRNVKGKSEAHFSLTHYAGTVDYNILGWLEKNKDPLNETVVGLYQKSALKLLAHLFSN
alligator_gar_myh2,A0A8J7P6N2,MSGDSEMSIFGEAAKYLRKSEKERLEAQSRAFDARTACFVDDDKELYVKGVIQSKEGGKVTVKTEDNRTVTVKDNQVYPLNPPKFDKIEDMAMMTHLNEPCVLYNLKERYAAWMIYTYSGLFCVTVNPYKWLPVYNPEVVSAYRGKKRMEVPPHIFALSDNAYQFMLTDRENQSILITGESGAGKTVNTKRVIQYFATIATSGDKKKAEYTSKMKGTLEDQIIQANPLLEAFGNAKTVRNDNSSRFGKFIRIHFAATGKLSSADIETYLLEKSRVTFQLSSERNYHIFYQLTCNKKPELIEMLLISSNPYDFTYISQGEVAVKSIDDAAELMATDEAIDILGFSADEKNGIYKLTGAVMHYGNLRFKQKQREEQAEPDGTEVADKAAYLMGLNSSEFLKCLCYPRVKVGNEYVTKGQSVQQVYNSVGALGKSVYEKMFLWMVIRINQQLDTKQPRQQFIGVLDIAGFEIFDFNTLEQLCINFTNEKLQQFFNHHMFVLEQEEYKKEGIDWEFIDFGMDLAACIELIEKPMGIFSILEEECMFPKSTDTSFKNKLYDQHLGKSACFLKPKHVKGKAEAHFSLGHYAGTVDYNISGWLEKNKDPLNESVVQLYQKSSLKLLSFLYSSYAGDDAGAKKGGKKKGSSFQTVSALFRENLNKLMSNLKTTHPHFVRCLIPNETKTPGAMENHLVVHQLRCNGVLEGIRICRKGFPSRIQYGDFKQRSSSLTFCPEFRASLTLCQAQIVSLSKEKNIASFVTFVSVNLILITAKSLQIMLKKLQKPSRNIKIIKFERLEEAGGATSAQIEMNKKREAEFQKLRRDLEEATLQHEATAAALRKKHADTVADLGEQIDNLQRVKQKLEKEKSELKMEVDDLSSNMEAVSKSKANLEKLCHSLEDQLLEVKVKEDENHRLINDLTAQKSRLQTENGELYRQLEEKESLVSQMTRVKQAFSQQIEELKRQNEEDTKAKNALAHALQSSRHDCDLLREQFEEEQEAKAELQRSMSKANSEVAQWRTKYETDAIQRTEELEEAKKKLAQRLQEAEEAIEATNAKCSSLEKTKQRLQGEVEDLMMDVEKANVAAAILDKKQRNFDKKYEESQAELESALKEVRSMGTENFKMKNAYEESLEHLETLKRENKNLQLSNKPLCEPLRAGHXHLLEKLCHSLEDQLLEVKVKEDENHRLISDLTAQKSRLQTENGELYRQLEERESLVSQMTRVKQAFSQQIEELKRQNEEDTKAKNALAHALQSSRHDCDLLREQFEEEQEAKAELQRSMSKANSEVAQWRTKYETDAIQRTEELEEAKKKLAQRLQEAEEAIEATNAKCSSLEKTKQRLQGEVEDLMMDVEKANAAAAILDKKQRNFDKAKNALAHALQSSRHDCDLLREQFEEEQEAKAELQRSMSKANSEVAQWRTKYETDAIQRTEELEEAKKKLAQRLQEAEEAIEATNAKCSSLEKTKQRLQGEVEDLMMDVEKANAAAAILDKKQRNFDKILAEWKQKYEESQAELESALKEVRSMGTENFKMKNAYEESLEHLETLKRENKNLQQEITDLTEQLGENGKSIHELEKARKQAEQERGEIQSALEEAEASLEHEEGKILRVQLELNQVKSEIDRKIAEKDEEIEQLKRNNQRVIDTLQSTLDAEVRSRNDALRMKKKMEGDLNEMEIQLSHANRQASESQKQLRNIQAQLKEAQLQLDDALRGHEDMKEQVAMVERRNNLMQAEIEEMRAALEQTERGRKVAEQELLDSSERVQLLHSQLIQKKVLDKVGFGEGLGSVITRVRLQVRELENELEAEQKHGADAIKGVRKYERRVKELTYQCEEDKKTVARLQDLVDKLQLKVKAYKRQAEEAEEQANSHLSKFRKVQHELEEAEERADIAESQVNKLRAKSRDIGAKVNSALQTPSPRRYAVHWCITPNISSMVCLIRGLLKMHGWGLLSN
crossleys_vanga_bird_myh2,A0A7L2SFS7,GLMDHKLVLHQLRCNGVLEGIRICRKGFPNKISYGDFKQRYHLLNASVIPEGTFIDSKKACEKLLSSIEIDHTQYKFGHTKVFFKAGLLGVLEEMRDDCLGQLIARTQALCRGYLQRLELKRMFDQRESVLCIQYNIRAFMKVKQWPWMKLYFKLKPLLKSVGTEKELAMMKEEFERTKEELAKSETTRNKLEEKMVTLVQEKKDLQLQVQTENENLADAEERCDQLIKLKFQLEARIKEVMEKLEDEVEMNADLAARKRKLEDECSELKKDIDDLELTLVKAEKEKHATENKVKNLTEVVTGLDETVAKLAKEKKALQEAQQQALDDLQIEEDKVNTLTKARIKLEQQVNHVEGSLELERKACMDLERAKRKLEGDLKLAQETIVDLENDKQYLDEKLRKKDFDFNQMQNKIGQHRNSGTDLQKKIRELQA
pygmy_owl_myh2,A0A7L0SDH5,MASPDAEMAAFGEAAPYLRKSEKERIEAQNKPFDAKSSVFVVHPKESFVKGTIQSRESGKVTVKTEGGETMTVKEDQIFSMNPPKYDKIEDMAMMTHLHEPAVLYNLKERYAAWMIYTYSGLFCVTVNPYKWLPVYNPEVVLAYRGKKRQEAPPHIFSISDNAYQFMLTGEFGESGAGKTVNTKRVIQYFATIAASGEKKKEEQPGKMQKSRVTFQLKAERSYHIFYQIMSNKKPELIDMLLISTNPFDFHYVSQGEVTVPSIDDQEELMATDSAIDILGFSADEKTAIYKLTGAVMHYGNLKFKQKQREEQAEPDGTEVADKAAYLMGLNSAELLKALCYPRVKVGNEYVTKGQTVTQVNNSVGALAKAVFEKMFLWMVVRINQQLDTKQPRQYFIGVLDIAGFEIFDFNSFEQLCINFTNEKLQQFFNHHMFVLEQEEYKKEGIEWEFIDFGMDLAACIELIEKPMGIFSILEEECMFPKATDTSFKNKLYDQHLGKSNNFQKPKPAKGKAEAHFSLVHYAGTVDYNISGWLEKNKDPLNETVIGLYQKSSLKTLALLFAA
atlantic_yellow_nosed_albatross_myh2,A0A7L3JWA0,GAMEHELVLHQLRCNGVLEGIRICRKGFPNRVLYADFKQRYKVLNASAIPEGQFIDSKKACEKLLGSIDIDHTQYKFGHTKVFFKAGLIGLLEEMRDEKLAQLITRTQARCRGFLMRMEYQRMVERRESIFCIQYNIRAFMNVKHWPWMKLFFKIKPLLRSAESEKEMANMKQEFEKTKEELAKSEAKRKELEEKMVKLVQEKNDLQLQVQAEADALADAEERCDQLIKTKIQLEAKVKEVTERAEDEEEINAELTAKKRKLEDECSELKKDIDDLELTLAKVEKEKHATENKVKNLTEEMAALDETIVKLTKEKKALQEAHQQTLDDLQAEEDKVNTLGMQLQKKIKELQARLCSFSSRTQSQVRVPNVPQARIEELEEEIEAERTSRAKAEKHRADLSRELEEISERLEEAGGATTAQIEMNKKREAEFQKMRRDLEEATLQHEATAAALRKKHADSTAELGEQIDNLQRVKQKLEKEKSELKMEIDDLASNMETVSKAKANLEKMCRTLEDQLSEFKTKEEQNQRMISDLSAQRARLQTESGEYARQVEEKDALISQLSRGKQAFTQQIEELKRQLEEEIK
guinea_pig_myh2,H0V2N7,MSGADSEMAVFGEAAPYLRKSEKERIEAQNRPFDAKTSVFVAEPKESFVKGTIQSREAGKVTVKTEAGATLTVKDDQVFPMNPPKFDKIEDMAMMTHLHEPAVLYNLKERYAAWMIYTYSGLFCVTVNPYKWLPVYNPEVVTAYRGKKRQEAPPHIFSISDNAYQFMLTDRENQSILITGESGAGKTVNTKRVIQYFATIAVTGDKKKEEVTSGKMQGTLEDQIISANPLLEAFGNAKTVRNDNSSRFGKFIRIHFGTTGKLASADIETYLLEKSRVTFQLKAERSYHIFYQITSNKKPELIEMLLITTNPYDYPFVSQGEITVPSIDDQEELMATDSAIDILGFTNEEKVSIYKLTGAVMHYGNMKFKQKQREEQAEPDGTEVADKAAYLQGLNSADLLKALCYPRVKVGNEFVTKGQTVEQVTNAVGALAKAMYEKMFLWMVTRINQQLDTKQPRQYFIGVLDIAGFEIFDFNTLEQLCINFTNEKLQQFFNHHMFVLEQEEYKKEGIEWEFIDFGMDLAACIELIEKPMGIFSILEEECMFPKATDTSFKNKLYDQHLGKSANFQKPKVVKGKVEAHFSLIHYAGTVDYNITGWLEKNKDPLNDTVVGLYQKSSLKTLAHLFSGTQTSESEASGGGAKKGGKKKGSSFQTVSALFRENLNKLMTNLRSTHPHFVRCIIPNETKTPGAMEHELVLHQLRCNGVLEGIRICRKGFPSRILYADFKQRYKVLNASAIPEGQFIDSKKASEKLLGSIDIDHTQYKFGHTKVFFKAGLLGLLEEMRDDKLAQLITRTQAMCRGFLARVEYQKMVERREALFCIQYNIRAFMNVKHWPWMKLFFKIKPLLKSAETEKEMATMKEEFQKTKEELAKSEAKRKELEEKMVSLLKEKNDLQLQVQAEAEGLADAEERCDQLIKTKIQLEAKIKEVTERAEDEEEINAELTAKKRKLEDECSELKKDIDDLELTLAKVEKEKHATENKVKNLTEEMAGLDETIAKLTKEKKALQEAHQQTLDDLQAEEDKVNTLTKAKIKLEQQVDDLEGSLEQEKKLRMDLERAKRKLEGDLKLAQESIMDIENEKQQLDEKLKKKEFEMSNLQSKIEDEQALGIQLQKKIKELQARIEELEEEIEAERASRAKAEKQRSDLSRELEEISERLEEAGGATSAQIELNKKREAEFQKMRRDLEEATLQHEATAATLRKKHADSVAELGEQIDNLQRVKQKLEKEKSEMKMEIDDLASNMETVSKAKGNLEKMCRTLEDQVSELKSKEEEQQRMINDLTTQRGRLQTESGEFSRQLDEKEALVSQLSRGKQAFTQQIEELKRQLEEEVKAKNALAHALQSSRHDCDLLREQYEEEQESKAELQRALSKANSEVAQWRTKYETDAIQRTEELEEAKKKLAQRLQAAEEHVEAVNAKCASLEKTKQRLQNEVEDLMLDVERTNAACAALDKKQRNFDKILAEWKQKYEETHAELESSQKEARSLGTELFKMKNAYEESLDQLETLKRENKNLQQEISDLTEQIAEGGKRIHELEKIKKQVEQEKCELQAALEEAEASLEHEEGKILRIQLELNQVKSEIDRKIAEKDEEIDQLKRNHIRVVESMQSTLDAEIRSRNDAIRLKKKMEGDLNEMEIQLNHANRMAAEALRNYRNTQGILKDTQLHLDDALRGQEDLKEQLAMVERRANLLQAEIEELRATLEQTERSRKIAEQELLDASERVQLLHTQNTSLINTKKKLETDISQIQGEMEDIIQEARNADEKAKKAITDAAMMAEELKKEQDTSAHLERMKKNMEQTVKDLQLRLDEAEQLALKGGKKQIQKLEARVRELEGEVESEQKRNAEAVKGLRKHERRVKELTYQTEEDRKNILRLQDLVDKLQAKVKSYKRQAEEAEEQSNTNLSKFRKLQHELEEAEERADIAESQVNKLRVKSREVHTKIISEE
sumatran_orangutan_myh2,A0A2J8TF51,MSSDSELAVFGEAAPFLRKSERERIEAQNRPFDAKTSVFVVEPKESFVKGTIQSREGGKVTVKTEGGATLTVKDDQVFPMNPPKYDKIEDMAMMTHLHEPAVLYNLKERYAAWMIYTYSGLFCVTVNPYKWLPVYKPEVVTAYRGKKRQEAPPHIFSISDNAYQFMLTDRENQSILITGESGAGKTVNTKRVIQYFATIAVTGEKKKEEVTSGKIQGTLEDQIISANPLLEAFGNAKTVRNDNSSRFGKFIRIHFGTTGKLASADIETYLLEKSRVVFQLKAERSYHIFYQITSNKKPELIEMLLITTNPYDYPFVSQGEISVASIDDQEELMATDSAIDILGFTNEEKVSIYKLTGAVMHYGNLKFKQKQREEQAEPDGTEVADKAAYLQSLNSADLLKALCYPRVKVGNEYVTKGQTVEQVTNAVGALAKAVYEKMFLWMVARINQQLDTKQPRQYFIGVLDIAGFEIFDFNSFEQLCINFTNEKLQQFFNHHMFVLEQEEYKKEGIEWTFIDFGMDLAACIELIEKPMGIFSILEEECMFPKATDTSFKNKLYDQHLGKSANFQKPKVVKGKAEAHFSLIHYAGVVDYNIGGWLEKNKDPLNETVVGLYQKSAMKTLAHLFSGAQTAEGEGAGGGAKKGGKKKGSSFQTVSALFREEQSNTNLAKFRKLQHELEEAEERADIAESQVNKLRVKSREVHTKVISEE
prairie_deer_mouse_myh2,A0A6I9L9A0,MSSDAEMAVFGEAAPYLRKSEKERIEAQNRPFDAKTSVFVAEPKESFVKGTIQSKDAGKVTVKTEAGATLTVKEDQVFPMNPPKYDKIEDMAMMTHLHEPAVLYNLKERYAAWMIYTYSGLFCVTVNPYKWLPVYNPEVVAAYRGKKRQEAPPHIFSISDNAYQFMLTDRENQSILITGESGAGKTVNTKRVIQYFATIAVTGDKKKEEAPSGKMQGTLEDQIISANPLLEAFGNAKTVRNDNSSRFGKFIRIHFGTTGKLASADIETYLLEKSRVTFQLKAERSYHIFYQITSNKKPELIEMLLITTNPYDYPFVSQGEISVASIDDQEELMATDSAIDILGFTNDEKVSIYKLTGAVMHYGNMKFKQKQREEQAEPDGTEVADKAAYLQGLNSADLLKALCYPRVKVGNEYVTKGQTVEQVTNAVGALAKAMYEKMFLWMVTRINQQLDTKQPRQYFIGVLDIAGFEIFDFNSLEQLCINFTNEKLQQFFNHHMFVLEQEEYKKEGIEWTFIDFGMDLAACIELIEKPMGIFSILEEECMFPKATDTSFKNKLYEQHLGKSANFQKPKVVKGKAEAHFSLIHYAGTVDYNITGWLDKNKDPLNETVVGLYQKSSVKTLAYLFSGAQTAEAEASGGGAAKKGAKKKGSSFQTVSALFRENLNKLMTNLRSTHPHFVRCIIPNETKTPGAMEHELVLHQLRCNGVLEGIRICRKGFPSRILYADFKQRYKVLNASAIPEGQFIDSKKASEKLLGSIDIDHTQYKFGHTKVFFKAGLLGLLEEMRDDKLAQLITRTQAMCRGFLARVEYQKMVERRESIFCIQYNIRAFMNVKHWPWMKLFFKIKPLLKSAETEKEMATMKEEFQKTKDDLAKSEAKRKELEEKMVSLLKEKNDLQLQVQAEAEGLADAEERCDQLIKTKIQLEAKIKEVTERAEDEEEINAELTAKKRKLEDECSELKKDIDDLELTLAKVEKEKHATENKVKNLTEEMAGLDETIAKLTKEKKALQEAHQQTLDDLQAEEDKVNTLTKAKIKLEQQVDDLEGSLEQEKKLRMDLERAKRKLEGDLKLAQESIMDIENEKQQLDERLKKKEFEMSNLQSKIEDEQAVGIQLQKKIKELQARIEELEEEIEAERASRAKAEKQRSDLSRELEEISERLEEAGGATSAQIEMNKKREAEFQKMRRDLEEATLQHEATAATLRKKHADSVAELGEQIDNLQRVKQKLEKEKSEMKMEIDDLASNVETVSKAKGNLEKLCRTLEDQVSELKSKEEEQQRLINDLTTQRGRLQTESGEFSRQLDEKEALVSQLSRGKQAFTQQIEELKRQLEEEVKAKNALAHALQSSRHDCDLLREQYEEEQESKAELQRALSKANSEVAQWRTKYETDAIQRTEELEEAKKKLAQRLQAAEEHVEAVNAKCASLEKTKQRLQNEVEDLMLDVERTNAACAALDKKQRNFDKILAEWKQKYEETHAELEASQKESRSLGTELFKMKNAYEESLDQLETLKRENKNLQQEISDLTEQIAEGGKRIHELEKIKKQVEQEKCELQAALEEAEASLEHEEGKILRIQLELNQVKSEIDRKIAEKDEEIDQLKRNHIRVVESMQSTLDAEIRSRNDAIRIKKKMEGDLNEMEIQLNHSNRMAAEALRNYRNTQGILKDTQLHLDDALRGQEDLKEQLAMVERRANLLQAEIEELRATLEQTERSRKIAEQELLDASERVQLLHTQNTSLINTKKKLETDISQIQGEMEDIVQEARNAEEKAKKAITDAAMMAEELKKEQDTSAHLERMKKNMEQTVKDLQLRLDEAEQLALKGGKKQIQKLEARVRELEGEVESEQKRNVEAVKGLRKHERRVKELTYQTEEDRKNILRLQDLVDKLQAKVKSYKRQAEEAEEQSNTNLSKFRKIQHELEEAEERADIAESQVNKLRVKSREVHTKIISEE
chimpanzee_myh2,A0A6D2XAS4,MSSDSELAVFGEAAPFLRKSERERIEAQNRPFDAKTSVFVAEPKESFVKGTIQSREGGKVTVKTEGGATLTVKDDQVFPMNPPKYDKIEDMAMMTHLHEPAVLYNLKERYAAWMIYTYSGLFCVTVNPYKWLPVYKPEVVTAYRGKKRQEAPPHIFSISDNAYQFMLTDRENQSILITGESGAGKTVNTKRVIQYFATIAVTGEKKKEEITSGKIQGTLEDQIISANPLLEAFGNAKTVRNDNSSRFGKFIRIHFGTTGKLASADIETYLLEKSRVVFQLKAERSYHIFYQITSNKKPELIEMLLITTNPYDYPFVSQGEISVASIDDQEELMATDSAIDILGFTNEEKVSIYKLTGAVMHYGNLKFKQKQREEQAEPDGTEVADKAAYLQSLNSADLLKALCYPRVKVGNEYVTKGQTVEQVTNAVGALAKAVYEKMFLWMVARINQQLDTKQPRQYFIGVLDIAGFEIFDFNSLEQLCINFTNEKLQQFFNHHMFVLEQEEYKKEGIEWTFIDFGMDLAACIELIEKPMGIFSILEEECMFPKATDTSFKNKLYDQHLGKSANFQKPKVVKGKAEAHFSLIHYAGVVDYNITGWLEKNKDPLNETVVGLYQKSAMKTLAHLFSGTQTAEGEGAGGGAKKGGKKKGSSFQTVSALFREEQSNTNLAKFRKLQHELEEAEERADIAESQVNKLRVKSREVHTKVISEE
cape_golden_mole_myh2,A0A9B0WPU7,MSSDSEMAVFGEAAPFLRKSEKERIEAQNRPFDAKTSVFVAEPKESFVKGTVQSRESGKVTVKTEGGATLTVKDDQVFPMNPPKYDKIEDMAMMTHLHEPAVLYNLKERYAAWMIYTYSGLFCVTVNPYKWLPVYNPEVVGAYRGKKRQEAPPHIFSISDNAYQFMLTDRENQSILITGESGAGKTVNTKRVIQYFATIAVTGDKKKEEITSGKIQGTLEDQIISANPLLEAFGNAKTVRNDNSSRFGKFIRIHFNTTGKLASADIETYLLEKSRVTFQLKAERSYHIFYQITSNKKPELIEMLLITTNPYDYPFVSQGEISVASIDDQEELMATDSAIDILGFSNDEKVSIYKLTGAVMHYGNMKFKQKQREEQAEPDGTEVADKAAYLQNLNSADLLKALCSPRVKVGNEYVTKGQTVEQVTNAVGALAKAIYEKMFLWMVTRINQQLDTKQPRQYFIGVLDIAGFEIFDYNSLEQLCINFTNEKLQQFFNHHMFVLEQEEYKKEGIEWTFIDFGMDLAACIELIEKPMGIFSILEEECMFPKATDTSFKNKLYEQHLGKSNNFQKPKVVKGKAEAHFSLIHYAGTVDYNITGWLDKNKDPLNETVVGLYQKSSMKTLAYLFSGAQSAEAEASGGAKKGGKKKGSSFQTVSALFRENLNKLMTNLRSTHPHFVRCIIPNETKTPGAMEHELVLHQLRCNGVLEGIRICRKGFPSRILYADFKQRYKVLNASAIPEGQFIDSKKASEKLLGSIDIDHTQYKFGHTKVFFKAGLLGLLEEMRDDKLAQLITRTQARCRGYLARVEYQKMVERRESIFCIQYNVRAFMNVKHWPWMKLFFKIKPLLKSAETEKEMATMKEEFEKTKEELAKSEAKRKELEEKMVSLLKEKNDLQLQVQSEAEGLADAEERCDQLIKTKIQLEAKIKEVTERAEDEEEINAELTAKKRKLEDECSELKKDIDDLELTLAKVEKEKHATENKVKNLTEEMAGLDEIIAKLTKEKKALQEAHQQTLDDLQAEEDKVNTLTKAKIKLEQQVDDLEGSLEQEKKIRMDLERAKRKLEGDLKLAQESIMDIENEKQQYDEKLKKKEFELSNLQSKIEDEQALGIQLQKKIKELQARIEELEEEIEAERASRAKAEKQRSELSRELEEISERLEEAGGATSAQIEMNKKREAEFQKMRRDLEEATLQHEATAATLRKKHADSVAELGEQIDNLQRVKQKLEKEKSEMKMEIDDLASNVEVISKSKGNLEKMCRTLEDQVSELKSKEEEQQRLINDLTTQRGRLQTESGEFSRQLDEKDALVSQLSRGKQAFTQQIEEIKRQLEEETKAKNALAHALQSSRHDCDLLREQYEEEQESKAELQRALSKANTEVAQWRTKYETDAIQRTEELEEAKKKLAQRLQAAEEHVEAVNAKCASLEKTKQRLQNEVEDLMLDVERTNAACAALDKKQRNFDKILAEWKQKYEETHAELEASQKEARSLGTELFKMKNAYEESLDHLETLKRENKNLQQEISDLTEQIAEGGKRIHELEKIKKQVEQEKSELQAALEEAEASLEHEEGKIMRIQLELNQVKSEIDRKIAEKDEEIDQLKRNHIRIVESMQSTLDAEIRSRNDAIRVKKKMEGDLNEMEIQLNHSNRMAAEALRNYRNTQGILKDTQIHLDDALRGQEDLKEQLAMVERRANLLQAEVEELRATLEQTERSRKIAEQELLDASERVQLLHTQNTSLINTKKKLETDISQMQGEMEDIVQEARNAEEKAKKAITDAAMMAEELKKEQDTSAHLERMKKNMEQTVKDLQHRLDEAEQLALKGGKKQIQKLEARVRELEGEVENEQKRNADAVKGLRKHERRVKELTYQTEEDRKNILRLQDLVDKLQAKVKSYKRQAEEAEEQSNTNLSKFRKIQHELEEAEERADIAESQVNKLRVKSREVHTKIISEE
lesser_egyptian_jerboa_mouse_myh2,A0A8C5P5R8,MSSDSEMAVFGEAAPYLRKSEKERIEAQNRPFDAKTSVFVAEPKESFVKGTIQSREGGKVTVKTEGGATLTVKEDQIFPMNPPKYDKIEDMAMMTHLHEPAVLYNLKERYAAWMIYTYSGLFCVTVNPYKWLPVYNPEVVAAYRGKKRQEAPPHIFSISDNAYQFMLTDRENQSILITGESGAGKTVNTKRVIQYFATIAVTGEKKKEESGKMQGTLEDQIISANPLLEAFGNAKTVRNDNSSRFGKFIRIHFGTTGKLASADIETYLLEKSRVTFQLKAERSYHIFYQITSNKKPELIEMLLITTNPYDYPFVSQGEISVASINDQEELMATDSAIDILGFTNEEKVSIYKLTGAVMHYGNMKFKQKQREEQAEPDGTEVADKAAYLQGLNSADLLKALCYPRVKVGNEYVTKGQTVEQVTNAVGALAKAMYEKMFLWMVTRINQQLDTKQPRQYFIGVLDIAGFEIFDFNSLEQLCINFTNEKLQQFFNHHMFVLEQEEYKKEGIEWTFIDFGMDLAACIELIEKPMGIFSILEEECMFPKATDTSFKNKLYEQHLGKSANFQKPKVVKGKAEAHFSLIHYAGTVDYNITGWLDKNKDPLNETVVGLYQKSSVKTLAHLFSGAAAAAEAEASGGAAKKGSKKKGSSFQTVSALFRENLNKLMTNLRSTHPHFVRCIIPNETKTPGAMEHELVLHQLRCNGVLEGIRICRKGFPSRILYADFKQRYKVLNASAIPEGQYIDSKKASEKLLGSIDIDHTQYKFGHTKVFFKAGLLGLLEEMRDEKLAQLITRTQAMCRGYLARVEYQKMVERRESIFCIQYNIRAFMNVKHWPWMKLFFKIKPLLKSAETEKEMATMKEEFQKTKDELAKSEAKRKELEEKMVSLLKEKNDLQLQVQSEAEGLADAEERCDQLIKTKIQLEAKIKEVTERAEDEEEINAELTAKKRKLEDECSELKKDIDDLELTLAKVEKEKHATENKVKNLTEEMAGLDENIAKLTKEKKALQEAHQQTLDDLQAEEDKVNTLTKAKIKLEQQVDDLEGSLEQEKKLRMDLERAKRKLEGDLKLAQESIMDIENEKQQLDERLKKKEFEMSNLQSKIEDEQALGIQLQKKIKELQARIEELEEEIEAERASRAKAEKQRSDLSRELEEISERLEEAGGATSAQIEMNKKREAEFQKMRRDLEEATLQHEATAATLRKKHADSVAELGEQIDNLQRVKQKLEKEKSEMKMEIDDLASNVETVSKAKGNLEKMCRTLEDQVSELKSKEEEQQRLINDLTTQRGRLQTESGEFSRQLDEKEALVSQLSRGKQAFTQQIEELKRQLEEEVKAKNALAHALQSSRHDCDLLREQYEEEQESKAELQRALSKANSEVAQWRTKYETDAIQRTEELEEAKKKLAQRLQAAEEHVEAVNAKCASLEKTKQRLQNEVEDLMLDVERTNAACAALDKKQRNFDKILAEWKQKYEETHAELEASQKEARSLGTELFKMKNAYEESLDHLETLKRENKNLQQEISDLTEQIAEGGKRIHELEKIKKQVEQEKCELQAALEEAEASLEHEEGKILRIQLELNQVKSEIDRKIAEKDEEIDQLKRNHIRVVESMQSTLDAEIRSRNDAIRIKKKMEGDLNEMEIQLNHANRMAAEALRNYRNTQGILKDTQLHLDDALRGQEDLKEQLAMVERRANLLQAEIEELRATLEQTERSRKIAEQELLDASERVQLLHTQNTSLINTKKKLETDISQIQGEMEDIVQEARNAEEKAKKAITDAAMMAEELKKEQDTSAHLERMKKNMEQTVKDLQLRLDEAEQLALKGGKKQIQKLEARVRELEGEVESEQKRNVEAVKGLRKHERRVKELTYQTEEDRKNILRLQDLVDKLQAKVKSYKRQAEEAEEQSNTNLSKFRKIQHELEEAEERADIAESQVNKLRVKSREVHTKIISEE
eurasian_red_squirrel_myh2,A0A8D2CP65,MSSDSEMAVFGEAAPYLRKSEKERIEAQNRPFDAKTSVFVAEPKESFVKGTIQSREAGKVTVKTEAGATLTVKEDQIYPMNPPKYDKIEDMAMMTHLHEPAVLYNLKERYAAWMIYTYSGLFCVTVNPYKWLPVYNPEVVTAYRGKKRQEAPPHIFSISDNAYQFMLTDRENQSILITGESGAGKTVNTKRVIQYFATIAVTGDKKKEEATSGKMQGTLEDQIISANPLLEAFGNAKTVRNDNSSRFGKFIRIHFGTTGKLASADIETYLLEKSRVTFQLKAERSYHIFYQITSNKKPELIEMLLITTNPYDYPFVSQGEISVASIDDQEELMATDSAIDILGFTNEEKVSIYKLTGAVMHYGNMKFKQKQREEQAEPDGTEVADKAAYLQGLNSADLLKALCYPRVKVGNEYVTKGQTVEQVINAVGALAKAMYEKMFLWMVTRINQQLDTKQPRQYFIGVLDIAGFEIFDFNSLEQLCINFTNEKLQQFFNHHMFVLEQEEYKKEGIEWTFIDFGMDLAACIELIEKPMGIFSILEEECMFPKATDTSFKNKLYEQHLGKSANFQKPKVVKGKAEAHFSLIHYAGTVDYNITGWLDKNKDPLNETVVGLYQKSSLKTLAFLFSGAQTAEAEASGGGGAKKGGKKKGSSFQTVSALFRENLNKLMTNLRSTHPHFVRCIIPNETKTPGAMEHELVLHQLRCNGVLEGIRICRKGFPSRILYADFKQRYKVLNASAIPEGQYIDSKKASEKLLGSIDIDHTQYKFGHTKVFFKAGLLGLLEEMRDDKLAQLITRTQAMCRGFLARVEYQKMVERRESIFCIQYNIRAFMNVKHWPWMKLFFKIKPLLKSAETEKEMATMKEEFQKTKDELAKSEAKRKELEEKMVSLLKEKNDLQLQVQAEAEGLADAEERCDQLIKTKIQLEAKIKEVTERAEDEEEINAELTAKKRKLEDECSELKKDIDDLELTLAKVEKEKHATENKVKNLTEEMAGLDETIAKLTKEKKALQEAHQQTLDDLQAEEDKVNTLTKAKIKLEQQVDDLEGSLEQEKKLRMDLERAKRKLEGDLKLAQESIMDIENEKQQLDEKLKKKEFEMSNLQSKIEDEQALGIQLQKKIKELQARIEELEEEIEAERASRAKAEKQRSDLSRELEEISERLEEAGGATSAQIELNKKREAEFQKMRRDLEEATLQHEATAATLRKKHADSVAELGEQIDNLQRVKQKLEKEKSEMKMEIDDLASNVETISKAKGNLEKMCRTLEDQVSELKSKEEEQQRLINDLTTQRGRLQTESGEFSRQLDEKEALVSQLSRGKQAFTQQIEELKRQLEEEVKAKNALAHALQSSRHDCDLLREQYEEEQESKAELQRALSKANSEVAQWRTKYETDAIQRTEELEEAKKKLAQRLQAAEEHVEAVNAKCASLEKTKQRLQNEVEDLMLDVERTNAACAALDKKQRNFDKILAEWKQKYEETHAELEASQKEARSLGTELFKMKNAYEESLDQLETLKRENKNLQQEISDLTEQIAEGGKRIHELEKIKKQVEQEKCELQAALEEAEASLEHEEGKILRIQLELNQVKSEIDRKIAEKDEEIDQLKRNHIRVVESMQSTLDAEIRSRNDAIRIKKKMEGDLNEMEIQLNHANRMAAEALRNYRNTQGILKDTQLHLDDALRGQEDLKEQLAMVERRANLLQAEIEELRATLEQTERSRKIAEQELLDASERVQLLHTQNTSLINTKKKLETDISQMQGEMEDIVQEARNAEEKAKKAITDAAMMAEELKKEQDTSAHLERMKKNMEQTVKDLQLRLDEAEQLALKGGKKQIQKLEARVRELEGEVESEQKRNVEAVKGLRKHERRVKELTYQTEEDRKNILRLQDLVDKLQAKVKSYKRQAEEAEEQSNTNLSKFRKIQHELEEAEERADIAESQVNKLRVKSREVHTKIISEE
little_brown_bat_myh2,G1PUN7,MSSADQEMAAFGEAAPYLRKSEKERIEAQNRPFDAKTSVFVVEPKESFVKGTIQSRESGKVTVKTEAGATLTVKDDQVYPMNPPKYDKIEDMAMMTHLHEPAVLYNLKERYAAWMIYTYSGLFCVTVNPYKWLPVYNPEVVAAYRGKKRQEAPPHIFSISDNAYQFMLTDRENQSILITGESGAGKTVNTKRVIQYFATIAVTGDKKKEETTSGKMQGTLEDQIISANPLLEAFGNAKTVRNDNSSRFGKFIRIHFSTTGKLASADIETYLLEKSRVTFQLKAERSYHIFYQIMSNKKPELIEMLLITTNPYDYAFVSQGEITVPSIDDQEELMATDSAIDILGFTSEERSSIYKLTGAVMHYGNMKFKQKQREEQAEPDGTEVADKAAYLQGLNSADLLKALCYPRVKVGNEYVTKGQTVEQVINAVGALAKAVYEKMFLWMVTRINQQLDTKQPRQYFIGVLDIAGFEIFDFNSLEQLCINFTNEKLQQFFNHHMFVLEQEEYKKEGIEWEFIDFGMDLAACIELIEKPMGIFSILEEECMFPKATDTSFKNKLYEQHLGKSNNFQKPKVVKGKVEAHFSLVHYAGTVDYNITGWLDKNKDPLNETVVGLYQKSSLKTLAFLFSGAQTAEAEAAGGGKKGGKKKGSSFQTVSALFRENLNKLMTNLRSTHPHFVRCIIPNETKTPGAMEHELVLHQLRCNGVLEGIRICRKGFPSRIIYADFKQRYKVLNASAIPEGQFIDSKKASEKLLASIDIDHTQYRFGHTKVFFKAGLLGLLEEMRDDKLAQLITRTQARCRGFLARVEYQKMVERREALFCIQYNVRSFMNVKHWPWMKLFFKIKPLLKSAETEKEMATMKEEFEKTKEELAKSEAKRKELEEKMVSLLQEKNDLQLQVQSEAESLADAEERCDQLIKTKIQLEAKIKEVTERAEDEEEINAELTAKKRKLEDECSELKKDIDDLELTLAKVEKEKHATENKVKNLTEEMAGLDETIAKLTKEKKALQEAHQQTLDDLQAEEDKVNTLTKSKIKLEQQVDDLEGSLEQEKKLRMDLERAKRKLEGDLKLAQESIMDIENEKQQLDEKLKKKEFEMTNLQSKIEDEQALGMQLQKKIKELQARIEELEEEIEAERASRAKAEKQRSDLSRELEEISERLEEAGGATSAQIEMNKKREAEFQKMRRDLEEATLQHEATAAALRKKHADSVAELGEQIDNLQRVKQKLEKEKSEMKMEIDDLASNVEIVSKAKGNLEKMCRTLEDQVSELKSKEEEHQRLINDLTAQRGRLQTESGEFSRQLDEKEAMVSQLSRGKQAYTQQIEELKRQLEEEIKAKNALAHALQSARHDCDLLREQYEEEQESKAELQRALSKANTEVAQWRTKYETDAIQRTEELEEAKKKLAQRLQDAEEHVEAVNAKCASLEKTKQRLQNEVEDLMLDVERTNAACAALDKKQRNFDKILAEWKQKYEEAHAELEASQKEARSLGTELFKMKNAYEESLDQLETLKRENKNLQQEISDLTEQIAEGGKRIHELEKIKKQIEQEKSELQAALEEAEASLEHEEGKILRIQLELNQVKSEIDRKIAEKDEEIDQMKRNHIRVVESMQSSLDAEIRSRNDAIRIKKKMEGDLNEMEIQLNHANRMSAEALKNYRNTQGILKDTQLHLDDALRGQEDLKEQLAMVERRANLLQAEIEELRATLEQTERSRKVAEQELLDASERVQLLHTQNTSLINTKKKLETDITQIQAEMEDIVQEARNAEDKAKKAITDAAMMAEELKKEQDTSAHLERMKKNLEQTVKDLQHRLDEAEQMALKGGKKQIQKLEARVRELEGEVESEQKRNVESVKGLRKHERRVKELTYQTEEDRKNILRLQDLVDKLQAKVKSYKRQAEEAEEQSNTNLSKFRKLQHELEEAEERADIAESQVNKLRVKSREVHTKIINEE
bengalese_finch_myh2,A0A218UI52,MAVFGEAAPYLRKSEKERIAAQNKPFDAKSSVFVVHPKESFVKGTITSRESGKVTVKTEGGETLTVKDDQIFSMNPPKYDKIEDMAMMTHLHEPAVLYNLKERYAAWMIYTYSGLFCVTVNPYKWLPVYNPEVVLAYRGKKRQEAPPHIFSISDNAYQFMLTDIEGNWVVLDFLKTLQLQFAVLLLIQLSITQISCEHISHCSAFTDRENQSILITGESGAGKTVNTKRVIQYFATIAASGDKKKEDKSSGKMQGTLEDQIISANPLLEAFGNAKTVRNDNSSRFGKFIRIHFGATGKLASADIETYLLEKSRVTFQLKAERSYHIFYQIMSNKKPELIEMLLITTNPFDFPFVSQGEITVPSIDDKEELMATDSAIDILGFTADEKTAIYKLTGAVMHYGNLKFKQKPREEQAEPEGTEVADKAAYLMGLNSADMLKALCYPRVKVGNEYVTKGQTAQQVHNAVGALAKALYERMFLWMVVRINEQLDTKQPRQYFIGVLDIAGFEIFDFNSFEQLCINFTNEKLQQFFNHHMFVLEQEEYKKEGIEWTFIDFGMDLAACIELIEKPMGIFSILEEECMFPKATDTSFKNKLYDQHLGKSSNFQKPKPTKGKVEAHFSLVHYAGTVDYNITGWLEKNKDPLNETVIGLYQKSSVKTLALLFANYGGADAAEASGGGGKKGGKKKGSSFQTVSALFRENLNKLMTNLRSTHPHFVRCIIPNETKTPGAMEHELVLHQLRCNGVLEGIRICRKGFPNRVLYADFKQSKKACEKLLGSIDIDHTQYKFGHTKVFFKAGLVGLLEEMRDEKLAQLITRTQARCRGYLMRVEYQKMVERRESIFCIQYNIRAFMNVKHWPWMKLFFKIKPLLKSAESEKEMANMKQEFEKTKEELAKSEAKRKELEEKMVKLVQEKNDLQLQVQSEADALADAEERCDQLIKTKIQLEAKVKEVTERAEDEEEINAELTAKKRKLEDECSELKKDIDDLELTLAKVEKEKHATENKVKNLTEEMAALDETIVKLTKEKKALQEAHQQTLDDLQAEEDKVNTLTKAKIKLEQQVDDVSTHRAGTGQLEGSLEQEKKLRMDLERAKRKLEGDLKLAQDSIMDLENDKQQLDEKLKNTAELGEQIDNLQRVKQKLEKEKSEMKMEIDDLASNIESVSKAKANLEKMCRTLEDQLSEYKTKEEQNQRMISDLSAQRARLQTESGEFGRQVEEKDALISQLSRGKQAFTQQIEELKRQLEEEIKAKNALAHALQSARHDCDLLREQYEEEQEAKGELQRALSKANSEVAQWRTKYETDAIQRTEELEEAKKKLAQRLQDAEEHVEAVNAKCASLEKTKQRLQNEVEDLMIDVERSNAACAALDKKQKNFDKILAEWKQKYEETQAELEASQKESRSLSTELFKMKNAYEESLDHLETMKRENKNLQQEISDLTEQIAEQGKAIHELEKVKKQIEQEKSEIQAALEEAEASLEHEEGKILRLQLELNQVKAEIDRKIAEKDEEIDQMKRNHLRVVESLQSSLDAEIRSRNEALRLKKKMEGDLNEMEIQLSHANRVAAEAQKNLRNTQGVLKDTQIHLDDALRTQDDLKEQVAMVERRANLLQAEIEELRAALEQTERSRKLAEQELLDATERVQLLHTQNTSLINTKKKLETDIAQIQGEMEDTIQEARNAEEKAKKAITDAAMMAEELKKEQDTSAHLERMKKNLDQTVKDLQLRLDEAEQLALKGGKKQIQKLEARVRELEGEVDAEQKRSAEAVKGVRKYERRVKELTYQSEEDRKNILRLQDLVDKLQMKVKSYKRQSEEAEQLSNVNLSKFRKIQHELEEAEERADIAESQVNKLRAKSREFHRRIEEEE
pike_perch_myh2,A0A8C9XWE7,MSDAEMEIYGVAAPYLRKSERERIAAQNMPFDAKTAVFVPDPKQEYVKGKIKSQDGSKVTVEIEDGKVVTVHLDDIRPMNPPKFDKLEDMALLTHLHEPAVLFNLKERYAAWMIYTYSGLFCVTVNPYKWLPVYNPEVVACYRGKKRQEAPPHIFSISDSAYQYMLTDRENQSILITGESGAGKTVNTKRVIQYFATIASFGDVSKKEQLPSKMQGTLEDQIIQANPLLEAFGNAKTVRNDNSSRFGKFIRIHFGTKGKLASADIETYLLEKSRVTFQLPAERSYHIFYQILSNKKPDLIEMMLITTNPYDYPFISQGELTVLSINDTEELMATDSAIDILGFSVDEKVGIYKLTGAVMHYGNMKFKQKQREEQAEPDGTEVADKVAYLMGLNSADLLKALCYPRVKVGNEYVTKGQTPQQVNNAMGALSKAVYEKLFLWMVTRINQQLDTRLPRQHFIGVLDIAGFEIFEMNSLEQLCINFTNEKLQQFFNHHMFVLEQEEYKKEGIVWEFIDFGMDLAACIELIEKPMGIFSILEEECMFPKATDGSFKNKLYDQHLGKNSIFQKPKPSKAKAEAHFSLVHYAGTVDYNISGWLEKNKDPLNDTVVQLYQKASLKLLSQLFATYAAADGQFTFNDIL
japanese_lamprey_myh2,W0S4B4,MGDLHEFGKAAPFLRKSEKERLEAQTRPFDMKKECYVDDPKVEFVKATIKSSEGGKVTVDTETGQTVTVKDSQVHQMNPPKFDKIEDMAMLTFLNEPSVLFNLKERYAAWMIYTYSGLFCVTINPYKWLPVYDPIVVAGYRGKKRQEAPPHIFSISDNAYQFMLTDRENQSILITGESGAGKTVNTKRVIQYFATIAALGDATKKKEESRKGTLEDQIVEANPLMEAFGNAKTVRNDNSSRFGKFIRIHFGATGKLSSADIETYLLEKSRVTFQLPTERNYHIFYQIESQKKPELLEMLLITNNPYDYVFISQGEITVPSLDDGDELMATDSAIDILGFTNDEKLSIYKVTGALMHYGNMKFKQKQREEQAEPDGNEDADKAAYLMGLNSADLLKGLCYPRVKVGNEYVTKGQTVQQVHNSVGALARSVFEKMFLWMVIRINETLATKLARQHFIGVLDIAGFEIFDFNTFEQLCINFTNEKLQQFFNHHMFVLEQEEYKKEGIDWVFIDFGMDLQACIDLIEKPMGIMSILEEQCMFPKANDQTFKEKLYDQHLGKNQFFQKPKPSKGKHEAHFSLGHYAGNVDYNIGGWLEKNKDPLNDSVVQLYQKSSLKMLAAVYATYASVDSDTGSKGGKKKKGSSFQTVSALHRENLNKLMTNLKTTHPHFVRCIIPNETKTPGTMDNILVMHQLRCNGVLEGIRICRKGFPNRIVYGDFKQRYRVLNPNAIPEGQFMDSKKACEKLMASLELDDTQYKFGHTKVFFRAGLLGTLEEMRDDRLSLLLTRTQALARGYLSRVEFKKMLERRESLIIIQYNIRAFMGVKNWPWMNLYFKIKPLLKSAESEKEMANMKEEFIKTKEALEKSETRRKELEEKMISVMQDKNDLLIQVQSSEETLNDAEERCDQLIKTKIQLEGKIKEIQERVEEEEEMNAEITAKKRKLEDECSELKKDIDDLELTLAKVEKEKHATENKVKNLTEEMAVLDENVSKLTKEKKALQEAHQQTLDDLQAEEDKVNSLTKAKAKLEQQVDDLEGSLEQEKKVRMDVERTKRKMEGDLKLAQESLMDLENDKQQLDEKLKKKDFEMSQLNSRIEDEVSLSAQLQKKIKELQARIEELEEEIEAERAARAKVEKQRSDLSRELEEISERLEEAGGATSAQIEMNKKREAEFQKLRRDLEEATLQHEATAAALRKKQADSVAELGEQIDNLQRVKQKLEKEKSEFKMEVDDLSSNLEQVTKAKVNLEKLCRTIEDQLAEVKTKEEEQIRSINDINTQRARLLAENGELSRKLEEKEVLVVQLSRGKLSYTQQVEDLKRQLEEEIKAKNALAHAVQSARHDCDLLREQFDEEQEAKGELQRAMSKANAEVAQWRTKYETDAIQKTEELEEAKKKLAARLQEAEEQVEASNSKCASLEKTKQRLLGEVEDLMIDVERAHSAAAALDKKQKAFDKILSEWKQKYEESQSELEASQKESRSLSTEVFKLKNAYEETLDHLETLKRENKNLQEEISDLTEQLGESGKALHEVEKSRKQLEQEKLEIQAALEEAEASLEHEEGKILRIQLELNQVKADIDRKIAEKDEELDQLKRSNQRTVESMQASLDAETKSRNEALRLKKKMEGDLNEMEIQLNHANRQAAESQKHLRNVQGQIKDLQVHLDDTLRSNDDLKEQVAMIERRNNLLLAEVEEMRTALEQTERARKVAEQELLGATERVQLLHSQNTSLINTKRKLEGDIVQLQNECEEAIQESRNADEKAKKAITDAAMMAEELKKEQDTSAHLERMKKNMEQTVKDLQNRLDEAEQIAMKGGKKQIQKLETRVRELESELDSEQRRIAETIKGARKYERRVKELTYQAEEDRKNNLRLQDLVDKLQLKVKTYKRQSEEAEEQANTNLSKYRKMQHELEEADERADIAESQVNKLRARSRDVHPTKAEAE
turkey_myh2,pdb_6XE9,MSQKPLSDDEKFLFVDKNFVNNPLAQADWSAKKLVWVPSEKHGFEAASIKEEKGDEVTVELQENGKKVTLSKDDIQKMNPPKFSKVEDMAELTCLNEASVLHNLRERYFSGLIYTYSGLFCVVVNPYKQLPIYSEKIIDMYKGKKRHEMPPHIYAIADTAYRSMLQDREDQSILCTGESGAGKTENTKKVIQYLAVVASSHKGKKDTSITQGPSFSYGELEKQLLQANPILEAFGNAKTVKNDNSSRFGKFIRINFDVTGYIVGANIETYLLEKSRAIRQAKDERTFHIFYYLIAGASEQMRNDLLLEGFNNYTFLSNGHVPIPAQQDDEMFQETLEAMRIMGFTEEEQTSILRVVSSVLQLGNIVFKKERNTDQASMPDNTAAQKVCHLMGINVTDFTRSILTPRIKVGRDVVQKAQTKEQADFAIEALAKAKFERLFRWILTRVNKALDKTKRQGASFLGILDIAGFEIFEINSFEQLCINYTNEKLQQLFNHTMFILEQEEYQREGIEWNFIDFGLDLQPCIELIERPTNPPGVLALLDEECWFPKATDTSFVEKLIQEQGNHPKFQKSKQLKDKTEFCILHYAGKVSYNASAWLTKNMDPLNDNVTSLLNQSSDKFVADLWKDVDRIVGLDQMAKMTESSLPSSSKTKKGMFRTVGQLYKEQLTKLMTTLRNTNPNFVRCIIPNHEKRAGKLDAHLVLEQLRCNGVLEGIRICRQGFPNRIVFQEFRQRYEILAANAIPKGFMDGKQACILMIKALELDPNLYRIGQSKIFFRTGVLAHLEEERDLKITDVIIAFQAQCRGYLARKAFAKRQQQLTAMKVIQRNCAAYLKLRNWQWWRLFTKVKPLLQVTRQEEEMQAKDEELQRTKERQQKAEAELKELEQKHTQLCEEKNLLQEKLQAETELYAEAEEMRVRLAAKKQELEEILHEMEARIEEEEERSQQLQAEKKKMQQQMLDLEEQLEEEEAARQKLQLEKVTADGKIKKMEDDILIMEDQNNKLTKERKLLEERVSDLTTNLAEEEEKAKNLTKLKNKHESMISELEVRLKKEEKTRQELEKTKRKLEGESSDLHEQIAELQAQIAELKAQLAKKEEELQAALARLEDETSQKNNALKKIRELESHISDLQEDLESEKAARNKAEKQKRDLGEELEALKTELEDTLDTTATQQELRAKREQEVTVLKRALEEETRTHEAQVQEMRQKHTQAVEELTEQLEQFKRAKANLDKTKQTLEKDNADLANEVRSLSQAKQDVEHKKKKLEVQLQDLQSKYTDGERVRTELNEKVHKLQIEVENVTSLLNEAESKNIKLTKDVATLGSQLQDTQELLQEETRQKLNVTTKLRQLEDDKNSLQEQLDEEVEAKQNLERHISTLTIQLSDSKKKLQEFTATIETMEEGKKKFQREIESLTQQFEEKAASYDKLEKTKNRLQQELDDLVVDLDNQRQLVSNLEKKQKKFDQMLAEEKNISSKYADERDRAEAEAREKETKALSLARALEEALEAKEELERTNKMLKAEMEDLVSSKDDVGKNVHELEKSKRTLEQQVEEMKTQLEELEDELQAAEDAKLRLEVNMQAMKSQFERDLQARDEQNEEKRRQLLKQLHEHETELEDERKQRALAAAAKKKLEVDVKDLESQVDSVNKAREEAIKQLRKLQAQMKDYQRDLDDARAAREEIFATARENEKKAKNLEAELIQLQEDLAAAERARKQADLEKEEMAEELASATSGRTSLQDDKRRLEARIAQLEEELDEEHSNIEAMSDRMRKAVQQAEQLNNELATERATAQKNENARQQLERQNKELRSKLQEMEGAVKSKFKSTIAALEAKIASLEEQLEQEAREKQAAAKTLRQKDKKLKDALLQVEDEKKQAEQYKDQAEKGNLRLKQLKRQLEEAEEESQRINANRRKLQRELDEATESNDALGREVAALKSKLRRGNEPVSFAPPRRSGGRRVIENATDGGEQEIDGRDGDLNGKASE
bovine_myh2,Q9BE41,MSSDQEMAIFGEAAPYLRKSEKERIEAQNKPFDAKTSVFVAEPKESFVKGTIQSREGGKVTVKTEGGATLTVKEDQVFPMNPPKFDKIEDMAMMTHLHEPAVLYNLKERYAAWMIYTYSGLFCVTVNPYKWLPVYNPEVVTAYRGKKRQEAPPHIFSISDNAYQFMLTDRENQSILITGESGAGKTVNTKRVIQYFATIAVTGDKKKEEITSGKIQGTLEDQIISANPLLEAFGNAKTVRNDNSSRFGKFIRIHFGTTGKLASADIETYLLEKSRVTFQLKAERSYHIFYQITSNRKPELIEMLLITTNPYDYPFISQGEISVASIDDQEELIATDSAIDILGFTNEEKVSIYKLTGAVMHYGNLKFKQKQREEQAEPDGTEVADKAAYLQSLNSADLLKALCYPRVKVGNEYVTKGQTVEQVTNAVGALAKAVYEKMFLWMVARINQQLDTKQPRQYFIGVLDIAGFEIFDFNSLEQLCINFTNEKLQQFFNHHMFVLEQEEYKREGIEWTFIDFGMDLAACIELIEKPMGIFSILEEECMFPKATDMSFKNKLYDQHLGKSANFQKPKVVKGKPEAHFALIHYAGVVDYNITGWLEKNKDPLNDTVVGLYQKSALKTLAFLFSGTPTGDSEASGGTKKGGKKKGSSFQTVSALFRENLNKLMTNLRSTHPHFVRCIIPNETKTPGAMEHELVLHQLRCNGVLEGIRICRKGFPSRILYADFKQRYKVLNASAIPEGQYIDSKKASEKLLASIDIDHTQYKFGHTKVFFKAGLLGLLEEMRDEKLAQLMTRTQARCRGFLARVEYQKMVERRESIFCIQYNIRAFMNVKHWPWMKLFFRIKPLLKSAETEKEMATMKEEFQKTKDELAKSEAKRKELEEKMVTLLKEKNDLQLQVQSEAEGLADAEERCDQLIKTKIQLEAKIKEVTERAEDEEEINAELTAKKRKLEDECSELKKDIDDLELTLAKVEKEKHATENKVKNLTEEMAGLDETIAKLTKEKKALQEAHQQTLDDLQAEEDKVNTLTKAKTKLEQQVDDLEGSLEQEKKLRMDLERAKRKLEGDLKLAQESIMDIENEKQQLDEKLKKKEFEISNLQSKIEDEQALGIQLQKKIKELQARIEELEEEIEAERASRAKAEKQRSDLSRELEEISERLEEAGGATSAQIEMNKKREAEFQKMRRDLEEATLQHEATAAALRKKHADSVAELGEQIDNLQRVKQKLEKEKSEMKMEIDDLASNVETISKAKGNLEKMCRTLEDQVNELKSKEEEQQRLINDLTTQRGRLQTESGEFSRQLDEKEALVSQLSRGKQAFTQQIEELKRQLEEEIKAKNALAHGLQSARHDCDLLREQYEEEQESKAELQRALSKANTEVAQWRTKYETDAIQRTEELEEAKKKLAQRLQAAEEHVEAVNAKCASLEKTKQRLQNEVEDLMLDVERTNAACAALDKKQRNFDKILAEWKQKYEETHAELEAAQKEARSLGTELFKMKNAYEESLDQLETLKRENKNLQQEISDLTEQIAEGGKRMHELEKIKKQVEQEKSEIQAALEEAEASLEHEEGKILRIQLELNQVKSEIDRKIAEKDEEIDQLKRNHIRVVESMQTMLDAEIRSRNDAIRLKKKMEGDLNEMEIQLNHANRMAAEALKNYRNTQAILKDTQIHLDDALRGQEDLKEQLAMVERRANLLQAEIEELRATLEQTERSRKIAEQELLDASERVQLLHTQNTSLINTKKKLETDITQIQGEMEDILQEARNAEEKAKKAITDAAMMAEELKKEQDTSAHLERMKKNMEQTVKDLQNRLDEAEQLALKGGKKQIQKLEARVRELEGEVESEQKRNVEAVKGLRKHERRVKELTYQTEEDRKNILRLQDLVDKLQAKVKSYKRQAEEAEEQSNTNLSKFRKLQHELEEAEERADIAESQVNKLRVKSREVHTKIISEE
atlantic_bottlenose_dolphin_myh2,A0A6J3QLX0,MSSDQEMAVFGEAAPYLRKSEKERIEAQNRPFDAKSSVFVVEPKESFVKGTIQSREGGKVTVKTEGGATLTVKDDQVFPMNPPKFDKIEDMAMMTHLHEPGVLYNLKERYTAWMIYTYSGLFCVTVNPYKWLPVYNPEVVAAYRGKKRQEAPPHIFSISDNAYQFMLTDRENQSILITGESGAGKTVNTKRVIQYFATIAVTGEKRKDEGTSGKMQGTLEDQIISANPLLEAFGNAKTVRNDNSSRFGKFIRIHFGTTGKLASADIETYLLEKSRVTFQLKAERSYHIFYQITSNKKPELIEMLLITTNPFDFPFVSQGEISVPSIDDQEELMATDSAIDILGFTNDEKISIYKLTGAVMHYGNLKFKQKQREEQAEPDGTEVADKAAYLQSLNSADLLKALCNPRVKVGNEYVTKGQTVEQVYNAVGALARSVYEKMFLWMVTRINQQLDTKQPRQYFIGVLDIAGFEIFDFNSLEQLCINFTNEKLQQFFNHHMFVLEQEEYKKEGIEWEFIDFGMDLAACIELIEKPMGIFSILEEECMFPKATDTSFKNKLYEQHLGKSANFQKPKVVKGKAEAHFSLVHYAGIVDYNITGWLDKNKDPLNETVVGLYQKSAMKTLAYLFSGAQSAEAGGGGSAKRGGKKKGSSFQTVSALFRENLNKLMTNLRSTHPHFVRCIIPNETKTPGAMEHELVLHQLRCNGVLEGIRICRKGFPSRILYADFKQRYKVLNASAIPEGQFIDSKKASEKLLGSIDIDHTQYKFGHTKVFFKAGLLGLLEEMRDDKLAQLITRTQARCKGFLARVEYQKMVERRESLFCIQYNIRAFMNVKHWPWMKLFFKIKPLLKSAETEKEMANMKEEFERTKEELAKSEAKRKELEEKMVSLLKEKNDLQLQVQAEAEGLADAEERCDQLIKTKIQLEAKIKEVTERAEDEEEINAELTAKKRKLEDECSELKKDIDDLELTLAKVEKEKHATENKVKNLTEEMAGLDENIAKLTKEKKALQEAHQQTLDDLQAEEDKVNTLTKAKTKLEQQVDDLEGSLEQEKKLRMDLERAKRKLEGDLKLAQESIMDIENEKQQLDEKLKKKEFEISNLQSKIEDEQALGIQLQKKIKELQARIEELEEEIEAERASRAKAEKQRSDLSRELEEISERLEEAGGATSVQIEMNKKREAEFQKMRRDLEEATLQHEATAATLRKKHADSVAELGEQIDNLQRVKQKLEKEKSEMKMEIDDLASNVETVSKAKGNLEKMCRTLEDQVSELKSKEEEQQRLINDLTTQRGRLQTESGELSRQLDEKESLVSQLSRGKQAFTQQTEELKRQLEEEIKAKSALAHALQSSRHDCDLLREQYEEEQEAKAEMQRALSKANSEVAQWRTKYETDAIQRTEELEEAKKKLAQRLQAAEEHVEAVNAKCASLEKTKQRLQNEVEDLMLDVERTNAACAALDKKQRNFDKVLAEWKQKYEETHVELEAAQKEARFLGTELFKMKNAYEESLDQLETLKRENKNLQQEISDLTEQIAEGGKHIHELEKIKKQVEQEKSEIQAALEEAEASLEHEEGKILRIQLELNQVKSEIDRKIAEKDEEIDQLKRNHIRVVESMQSTLDAEIRSRNDAIRLKKKMEGDLNEMEIQLNHANRTAAEALKNYRNTQAILKDTQLHLDDALRGQEDLKEQLAIVERRANLLQAEIEELRATLEQTERSRKMAEQELLDASERVQLLHTQNTSLINTKKKLETDISQIQGEMEDIIQEARNAEEKAKKAITDAAMMAEELKKEQDTSAHLERMKKNLEQTVKDLQHRLDEAEQLALKGGKKQIQKLEARVRELEGEVESEQKRSAEAVKGLRKHERRVKELTYQTEEDRKNILRLQDLVDKLQAKVKSYKRQAEEAEEQSNTNLSKFRKLQHELEEAEERADIAESQVNKLRVKSREVHTKVISEE
blue_whale_myh2,A0A8C0E3K0,MSSDQEMAIFGEAAPYLRKSEKERIEAQNRPFDAKISVFVAEPKEAFVKGTIQSREGGKVTVKTERGATLIVKDDQVYPMNPPKFDKIEDMAMMTHLNEPGVLYNLKERYTAWMIYTYSGLFCVTVNPYKWLPVYNPEVVAAYRGKKRQEAPPHIFSISDNAYQFMLTDRENQSILITGESGAGKTVNTKRVIQYFATIAVTGEKKKEETGKMQGTLEDQIISANPLLEAFGNAKTVRNDNSSRFGKFIRIHFGTTGKLASADIETYLLEKSRVTFQLKAERSYHIFYQITSNKKPELIEMLLITTNPYDFPFISQGEISVPSIDDQEELMATDSAIDILGFTNEEKTSIYKLTGAVMHYGNLKFKQKQREEQAEPDGTEVADKAAYLQCLNSADLLKALCNPRVKVGNEYVTKGQTVEQVYNAVGALARAVYDKMFLWMVARINQQLETKQPRQYFIGVLDIAGFEIFDFNSLEQLCINFTNEKLQQFFNHHMFVLEQEEYKREGIEWTFIDFGMDLAACIELIEKPMGIFSILEEECMFPKATDTSFKNKLYEQHLGKSANFQKPKMVKGRTEAHFSLVHYAGIVDYNITGWLDKNKDPLNETVVGLYQKSALKTLAHLFSGAQTAEGEASGGGMVKRHGKKKGSSFQTVSALFREEQSNTNLSKFRKLQHELEEAEERADIAESQVNKLRVKSREVHTKIISEE
sheep_myh2,W5PT09,MSSDQEMAVFGEAAPYLRKSEKERIEAQNKPFDAKTSVFVAEPKESFVKGTIQSREGGKVTVKTEGGATLTVKEDQVFPMNPPKFDKIEDMAMMTHLHEPAVLYNLKERYAAWMIYTYSGLFCVTVNPYKWLPVYNAEVVTAYRGKKRQEAPPHIFSISDNAYQFMLTDRENQSILITGESGAGKTVNTKRVIQYFATIAVTGEKKKEESGKMQGTLEDQIISANPLLEAFGNAKTVRNDNSSRFGKFIRIHFGTTGKLASADIETYLLEKSRVTFQLKAERSYHIFYQITSNRKPELIEMLLITTNPYDYPFVSQGEISVASIDDQEELIATDSAIDILGFTNDEKVSIYKLTGGVMHYGNLKFKQKQREEQAEPDGTEVADKAAYLQGLNSADLLKALCYPRVKVGNEYVTKGQTVEQVTNAVGALAKAVYEKMFLWMVTRINQQLDTKQPRQYFIGVLDIAGFEIFDFNSFEQLCINFTNEKLQQFFNHHMFVLEQEEYKREGIEWTFIDFGMDLAACIELIEKPMGIFSILEEECMFPKATDTSFKNKLYDQHLGKSANFQKPKVVKGKTEAHFSLIHYAGVVDYNITGWLEKNKDPLNDTVVGLYQKSSMKTLALLFSGTPTAESEGSGTKKGGKKKGSSFQTVSALFRENLNKLMTNLRSTHPHFVRCIIPNETKTPGAMEHELVLHQLRCNGVLEGIRICRKGFPSRILYADFKQRYKVLNASAIPEGQYIDSKKASEKLLGSIDVDHTQYKFGHTKVFFKAGLLGLLEEMRDEKLAQLITRTQARCRGFLARVEYQRMVERRESVFCIQYNIRAFMNVKHWPWMKLFFKIKPLLKSAETEKEMATMKEEFQKIKDELAKSEAKRKELEEKMVSLLKEKNDLQLQVQAEAEGLADAEERCDQLIKTKIQLEAKIKEVTERAEDEEEINAELTAKKRKLEDECSELKKDIDDLELTLAKVEKEKHATENKVKNLTEEMAGLDETIAKLTKEKKALQEAHQQTLDDLQAEEDKVNTLTKAKTKLEQQVDDLEGSLEQEKKLRMDLERAKRKLEGDLKLAQESIMDIENEKQQLDEKLKKKEFEISNLQSKIEDEQALGIQLQKKIKELQARIEELEEEIEAERASRAKAEKQRSDLSRELEEISERLEEAGGATSAQIEMNKKREAEFQKMRRDLERGARAAALRKKHADSVAELGEQLDNLQRVKQKLEKEKSEMKMEIDDLASNVETISKAKGNLEKMCRTLEDQVSELKSKEEEQQRLINDLTAQRGRLQTESGEFSRQLDEKEALVSQLSRGKQAFTQQIEELKRQLEEEIKAKNALAHGLQSARHDCDLLREQYEEEQESKAELQRALSKANSEVAQWRTKYETDAIQRTEELEEAKKKLAQRLQAAEEHVEAVNAKCASLEKTKQRLQNEVEDLMLDVERTNAACAALDKKQRNFDKILAEWKQKYEETHAELEASQKEARSLGTELFKMKNAYEESLDQLETLKRENKNLQQEISDLTEQIAEGGKRMHELEKIKKQVEQEKSEIQAALEEAEASLEHEEGKILRIQLELNQVKSEIDRKIAEKDEEIDQLKRNHIRVVESMQTMLDAEIRSRNDAIRLKKKMEGDLNEMEIQLNHANRMAAEALKNYRNTQAILKDTQIHLDDALRGQEDLKEQLAMVERRANLLQAEIEELRATLEQTERSRKIAEQELLDASERVQLLHTQNTSLINTKKKLETDITQIQGEMEDIVQEARNAEEKAKKAITDAAMMAEELKKEQDTSAHLERMKKNMEQTVKDLQHRLDEAEQLALKGGKKQIQKLEARVRELEGEVESEQKRNVEAVKGLRKHERRVKELTYQTEEDRKNILRLQDLVDKLQAKVKSYKRQAEEAEEQSNTNLSKFRKLQHELEEAEERADIAESQVNKLRVKSREVHTKIISEE
wild_bactrian_camel_myh2,A0A8B8UKL6,MSSDQEMAVFGEAAPYLRKSEKERIEAQNRPFDAKTSVFVAEPKESFVKGTIQSREGGKVTVKTEGGATLTVKDDQVYPMNPPKFDKIEDMAMMTHLHEPGVLYNLKERYAAWMIYTYSGLFCVTVNPYKWLPVYNPEVVTAYRGKKRQEAPPHIFSISDNAYQFMLTDRENQSILITGESGAGKTVNTKRVIQYFATIAVTGEKKKEESGKMQGTLEDQIISANPLLEAFGNAKTVRNDNSSRFGKFIRIHFGTTGKLASADIETYLLEKSRVTFQLKAERSYHIFYQITSNRKPELIEMLLITTNPYDYPFVSQGEISVPSIDDQEELIATDSAIDILGFTNEEKVSIYKLTGAVMHYGNLKFKQKQREEQAEPDGTEVADKAAYLQSLNSADLLKALCFPRVKVGNEFVTKGQTVEQVTNAVGALARAVYEKMFLWMVTRINQQLDTNQPRQYFIGVLDIAGFEIFDFNSLEQLCINFTNEKLQQFFNHHMFVLEQEEYKKEGIEWTFIDFGMDLAACIELIEKPMGIFSILEEECMFPKATDISFKNKLYEQHLGKSANFQKPKVTKGKPEAHFSLIHYAGVVNYNIIGWLDKNKDPLNDTVVGLYQKSALKTLALLFSGRETEAESVGKKGGKKKGSSFQTVSALFRENLNKLMTNLRSTHPHFVRCIIPNETKTPGAMEHELVLHQLRCNGVLEGIRICRKGFPSRILYADFKQRYKVLNASAIPEGQFIDSKKASEKLLGSIDIDHTQYKFGHTKVFFKAGLLGLLEEMRDEKLAQLMTRTQARCRGFLARVEYQKMVERRESIFCIQYNIRAFMNVKHWPWMKLFFRIKPLLKSAETEKEMATMKEEFQKTKDELAKSEAKRKELEEKMVSLLKEKNDLQLQVQSEAEGLADAEERCDQLIKTKIHLEAKIKEVTERAEDEEEINAELTAKKRKLEDECSELKKDIDDLELTLAKVEKEKHATENKVKNLTEEMAGLDETIAKLTKEKKALQEAHQQTLDDLQAEEDKVNTLTKAKTKLEQQVDDLEGSLEQEKKLRMDLERAKRKLEGDLKLAQESIMDIENEKQQLDEKLKKKEFEIGNLQSKIEDEQALGIQLQKKIKELQARIEELEEEIEAERASRAKAEKQRSDLTRELEEISERLEEAGGATSAQIEMNKKREAEFQKMRRDLEEATLQHEATAATLRKKHADSVAELGEQIDNLQRVKQKLEKEKSEMKMEIDDLASNVETISKAKGNLEKMCRTLEDQVSELKSKEEEQQRLINDLTAQRARLQTESGEFSRQLDEKETLVSQLSRGKQAFTQQIEELKRQLEEEIKAKNALAHALQSSRHDCDLLREQYEEEQESKAELQRAMSKANTEVAQWRTKYETDAIQRTEELEEAKKKLAQRLQAAEEHVEAVNAKCASLEKTKQRLQNEVEDLMLDVERTNAACAALDKKQRNFDKVLAEWKQKYEETHAELEASQKEARSLGTELFKMKNAYEESLDQLETLKRENKNLQQEISDLTEQIAEGGKRIHELEKIKKQVEQEKSELQAALEEAEASLEHEEGKILRIQLELNQVKSEIDRKIAEKDEEIDQLKRNHVRVVESMQSMLDAEIRSRNDAIRLKKKMEGDLNEMEIQLNHANRMAAEALRNYRNTQSILKDTQLHLDDALRGQEDLKEQLAMVERRANLLQAEIEELRASLEQTERSRKIAEQELLDASERVQLLHTQNTSLINTKKKLETDISQLQGEMEDILQEARNAEEKAKKAITDAAMMAEELKKEQDTSAHLERMKKNMEQTVKDLQNRLDEAEQLALKGGKKQIQKLEARVRELEGEVESEQKRNVEAVKGLRKHERRVKELTYQTEEDRKNILRLQDLVDKLQAKVKSYKRQAEEAEEQSNTNLSKFRKLQHELEEAEERADIAESQVNKLRVKSREVHTKVISEE
olive_baboon_myh2,A0A096P2X3,MSSDQEMAIFGEAAPYLRKSEKERIEAQNRPFDAKTSVFVAEPKESFVKGNIQSREGGKVTVKTEGGATLTVKDDQVFPMNPPKYDKIEDMAMMTHLHEPAVLYNLKERYAAWMIYTYSGLFCVTVNPYKWLPVYNPEVVTAYRGKKRQEAPPHIFSISDNAYQFMLTDRENQSILITGESGAGKTVNTKRVIQYFATIAVTGEKKKEEVTSGKIQGTLEDQIISANPLLEAFGNAKTVRNDNSSRFGKFIRIHFGTTGKLASADIETYLLEKSRVTFQLKAERSYHIFYQIMSNKKPDLIEMLLITTNPYDYAFVSQGEITVPSIDDQEELMATDSAIEILGFTSDERVSIYKLTGAVMHYGNMKFKQKQREEQAEPDGTEVADKAAYLQNLNSADLLKALCYPRVKVGNEFVTKGQTVQQVYNAVGALAKAVYEKMFLWMVTRINQQLDTKQPRQYFIGVLDIAGFEIFDFNSLEQLCINFTNEKLQQFFNHHMFVLEQEEYKKEGIEWEFIDFGMDLAACIELIEKPMGIFSILEEECMFPKATDTSFKNKLYEQHLGKSNNFQKPKPAKGKPEAHFSLIHYAGTVDYNIAGWLDKNKDPLNETVVGLYQKSAMKTLALLFIGATAAEAEAGGKKGGKKKGSSFQTVSALFRENLNKLMTNLRSTHPHFVRCIIPNETKTPGAMEHELVLHQLRCNGVLEGIRICRKGFPSRILYADFKQRYKVLNASAIPEGQFIDSKKASEKLLGSIDVDHTQYKFGHTKVFFKAGLLGLLEEMRDEKLAQLITRTQAMCRGFLARVEYQKMVERRESIFCIQYNVRAFMNVKHWPWMKLYFKIKPLLKSAETEKEMANMKEEFEKTKESLAKAEAKRKELEEKMVVLMQEKNDLQLQVQAEADSLADAEERCDQLIKTKIQLEAKIKEVTERAEDEEEINAELTAKKRKLEDECSELKKDIDDLELTLAKVEKEKHATENKVKNLTEEMAGLDETIAKLTKEKKALQEAHQQTLDDLQAEEDKVNTLTKAKIKLEQQVDDLEGSLEQEKKIRMDLERAKRKLEGDLKLAQESTMDIENDKQQLDEKLKKKEFEMSSLQSKIEDEQALAMQLQKKIKELQARIEELEEEIEAERASRAKAEKQRSDLSRELEEISERLEEAGGATSAQIEMNKKREAEFQKMRRDLEEATLQHEATAATLRKKHADSVAELGEQIDNLQRVKQKLEKEKSEMKMEIDDLAGNMETVSKAKGNLEKMCRALEDQLSEIKTKEEEQQRLINDLTAQRARLQAESGEFSRQLDEKDSLVSQLSRGKQAFTQQIEELKRQLEEEIKAKSALAHALQSSRHDCDLLREQYEEEQEAKAELQRGMSKANSEVAQWRTKYETDAIQRTEELEEAKKKLAQRLQDAEEHVEAVNAKCASLEKTKQRLQNEVEDLMIDVERTNAACAALDKKQRNFDKILAEWKQKCEETHAELEASQKESRSLSTELFKIKNAYEESLDQLETLKRENKNLQQEISDLTEQIAEGGKRIHELEKVKKQVEQEKSELQAALEEAEASLEHEEGKILRIQLELNQVKSEIDRKIAEKDEEIDQLKRNHIRIVESMQSTLDAEIRSRNDAIRLKKKMEGDLNEMEIQLNHANRMAAEALRNYRNTQGILKDTQLHLDDALRTQEDLKEQLAMVERRANLLQAEIEELRATLEQTERSRKIAEQELLDASERVQLLHTQNTSLINTKKKLETDISQIQGEMEDIVQEARNAEEKAKKAITDAAMMAEELKKEQDTSAHLERMKKNLEQTVKDLQHRLDEAEQLALKGGKKQIQKLEARVRELEGEVESEQKRNVEAVKGLRKHERKVKELSYQTEEDRKNILRLQDLVDKLQAKVKAYKRQAEEAEEQSNVNLSKFRKIQHELEEAEERADIAESQVNKLRVKSREVHTKIISEE
chacoan_peccary_pig_myh2,A0A8C3X2L6,MSSDQEMAIFGEAAPYLRKSEKERIEAQNRPFDAKTSVFVAEPKESFVKGTIQSREGGKVTVKTEAGATLTVKDDQVFPMNPPKFDKIEDMAMMTHLHEPAVLYNLKERYAAWMIYTYSGLFCVTVNPYKWLPVYNAEVVTAYRGKKRQEAPPHIFSISDNAYQFMLTDRENQSILITGESGAGKTVNTKRVIQYFATIAVTGEKKKEEPTSGKMQGTLEDQIISANPLLEAFGNAKTVRNDNSSRFGKFIRIHFGTTGKLASADIETYLLEKSRVTFQLKAERSYHIFYQITSNKKPELIEMLLITTNPYDYPFISQGEISVASIDDQEELMATDSAIDILGFTNEEKVSIYKLTGAVMHYGNLKFKQKQREEQAEPDGTEVADKAAYLQSLNSADLLKALCYPRVKVGNEFVTKGQTVEQVYNAVGALAKAVYDKMFLWMVTRINQQLDTKQPRQYFIGVLDIAGFEIFDFNSLEQLCINFTNEKLQQFFNHHMFVLEQEEYKREGIEWTFIDFGMDLAACIELIEKPMGIFSILEEECMFPKATDTSFKNKLYEQHLGKSANFQKPKVVKGRAEAHFSLIHYAGTVDYNIAGWLDKNKDPLNDTVVGLYQKSAMKTLAYLFSGAQTAEAEASGGTKKGGKKKGSSFQTVSALFREEQSNTNLSKFRKLQHELEEAEERADIAESQVNKLRVKSREVHTKVISEE
hybrid_cattle_myh2,A0A4W2HXW2,MSSDQEMAIFGEAAPYLRKSEKERIEAQNKPFDAKTSVFVAEPKESFVKGTIQSREGGKVTVKTEGGATLTVKEDQVFPMNPPKFDKIEDMAMMTHLHEPAVLYNLKERYAAWMIYTYSGLFCVTVNPYKWLPVYNPEVVTAYRGKKRQEAPPHIFSISDNAYQFMLTDRENQSILITGESGAGKTVNTKRVIQYFATIAVTGEKKKEEITSGKIQGTLEDQIISANPLLEAFGNAKTVRNDNSSRFGKFIRIHFGTTGKLASADIETYLLEKSRVTFQLKAERSYHIFYQITSNRKPELIEMLLITTNPYDYPFISQGEISVASIDDQEELIATDSAIDILGFTNEEKVSIYKLTGAVMHYGNLKFKQKQREEQAEPDGTEVADKAAYLQSLNSADLLKALCYPRVKVGNEYVTKGQTVEQVTNAVGALAKAVYEKMFLWMVARINQQLDTKQPRQYFIGVLDIAGFEIFDFNSLEQLCINFTNEKLQQFFNHHMFVLEQEEYKREGIEWTFIDFGMDLAACIELIEKPMGIFSILEEECMFPKATDMSFKNKLYDQHLGKSANFQKPKVVKGKPEAHFALIHYAGVVDYNITGWLEKNKDPLNDTVVGLYQKSALKTLAFLFSGTPTGDSEASGGTKKGGKKKGSSFQTVSALFRENLNKLMTNLRSTHPHFVRCIIPNETKTPGAMEHELVLHQLRCNGVLEGIRICRKGFPSRILYADFKQRYKVLNASAIPEGQYIDSKKASEKLLASIDIDHTQYKFGHTKVFFKAGLLGLLEEMRDEKLAQLMTRTQARCRGFLARVEYQKMVERRESIFCIQYNIRAFMNVKHWPWMKLFFRIKPLLKSAETEKEMATMKEEFQKTKDELAKSEAKRKELEEKMVTLLKEKNDLQLQVQSEAEGLADAEERCDQLIKTKIQLEAKIKEVTERAEDEEEINAELTAKKRKLEDECSELKKDIDDLELTLAKVEKEKHATENKVKNLTEEMAGLDETIAKLTKEKKALQEAHQQTLDDLQAEEDKVNTLTKAKTKLEQQVDDLEGSLEQEKKLRMDLERAKRKLEGDLKLAQESIMDIENEKQQLDEKLKKKEFEISNLQSKIEDEQALGIQLQKKIKELQARIEELEEEIEAERASRAKAEKQRSDLSRELEEISERLEEAGGATSAQIEMNKKREAEFQKMRRDLEEATLQHEATAAALRKKHADSVAELGEQIDNLQRVKQKLEKEKSEMKMEIDDLASNVETISKAKGNLEKMCRTLEDQVNELKSKEEEQQRLINDLTTQRGRLQTESGEFSRQLDEKEALVSQLSRGKQAFTQQIEELKRQLEEEIKAKNALAHGLQSARHDCDLLREQYEEEQESKAELQRALSKANTEVAQWRTKYETDAIQRTEELEEAKKKLAQRLQAAEEHVEAVNAKCASLEKTKQRLQNEVEDLMLDVERTNAACAALDKKQRNFDKILAEWKQKYEETHAELEAAQKEARSLGTELFKMKNAYEESLDQLETLKRENKNLQQEISDLTEQIAEGGKRMHELEKIKKQVEQEKSEIQAALEEAEASLEHEEGKILRIQLELNQVKSEIDRKIAEKDEEIDQLKRNHIRVVESMQTMLDAEIRSRNDAIRLKKKMEGDLNEMEIQLNHANRMAAEALKNYRNTQAILKDTQIHLDDALRGQEDLKEQLAMVERRANLLQAEIEELRATLEQTERSRKIAEQELLDASERVQLLHTQNTSLINTKKKLETDITQIQGEMEDILQEARNAEEKAKKAITDAAMMAEELKKEQDTSAHLERMKKNMEQTVKDLQNRLDEAEQLALKGGKKQIQKLEARVRELEGEVESEQKRNVEAVKGLRKHERRVKELTYQTEEDRKNILRLQDLVDKLQAKVKSYKRQAEEAEEQSNTNLSKFRKLQHELEEAEERADIAESQVNKLRVKSREVHTKIISEE
domestic_ferret_myh2,A0A8U0MYI9,MSSDQEMAIFGEAAPYLRKSEKERIEAQNRPFDAKTSVFVVDPKESFVKGTIQSREGGKVTVKTEGGATVTVKDDQVYPMNPPKYDKIEDMAMMTHLHEPAVLYNLKERYAAWMIYTYSGLFCVTVNPYKWLPVYNPEVVAAYRGKKRQEAPPHIFSISDNAYQFMLTDRENQSILITGESGAGKTVNTKRVIQYFATIAVTGEKKKEEPTSGKMQGTLEDQIISANPLLEAFGNAKTVRNDNSSRFGKFIRIHFGTTGKLASADIETYLLEKSRVTFQLKAERSYHIFYQITSNKKPELIEMLLITTNPYDYPFVSQGEISVASIDDQEELMATDSAIDILGFTNDEKVSIYKLTGSVMHYGNLKFKQKQREEQAEPDGTEVADKAAYLQGLNSADLLKALCYPRVKVGNEYVTKGQTVEQVTNAVGALAKAIYEKMFLWMVTRINQQLDTKQPRQYFIGVLDIAGFEIFDFNSLEQLCINFTNEKLQQFFNHHMFVLEQEEYKKEGIEWTFIDFGMDLAACIELIEKPMGIFSILEEECMFPKATDTSFKNKLYEQHLGKSANFQKPKVVKGKAEAHFSLIHYAGTVDYNIGGWLDKNKDPLNETVVGLYQKSSVKTLAFLFSGAQTAEAEASGGAKKGGKKKGSSFQTVSALFRENLNKLMTNLRSTHPHFVRCIIPNETKTPGAMEHELVLHQLRCNGVLEGIRICRKGFPSRILYADFKQRYKVLNASAIPEGQFIDSKKASEKLLASIDIDHTQYKFGHTKVFFKAGLLGLLEEMRDEKLAQLITRTQARCRGYLARVEYQKMVERRESIFCIQYNIRAFMNVKHWPWMKLFFKIKPLLKSAETEKEMATMKEEFQKTKDELAKSEAKRKELEEKMVTLLKEKNDLQLQVQAEAEGLADAEERCDQLIKTKIQLEAKIKEVTERAEDEEEINAELTAKKRKLEDECSELKKDIDDLELTLAKVEKEKHATENKVKNLTEEMAGLDETIAKLTKEKKALQEAHQQTLDDLQAEEDKVNTLTKAKIKLEQQVDDLEGSLEQEKKLRMDLERAKRKLEGDLKLAQESIMDIENEKQQLDEKLKKKEFEMSNLQSKIEDEQAVGIQLQKKIKELQARIEELEEEIEAERASRAKAEKQRSDLSRELEEISERLEEAGGATSAQIEMNKKREAEFQKMRRDLEEATLQHEATAATLRKKHADSVAELGEQIDNLQRVKQKLEKEKSEMKMEIDDLASNVETISKAKGNLEKMCRTLEDQVSELKSKEEEQQRLINDLTTQRGRLQTESGEFSRQLDEKEALVSQLSRGKQAFTQQIEELKRQLEEEIKAKNALAHALQSSRHDCDLLREQYEEEQEGKAELQRALSKANSEVAQWRTKYETDAIQRTEELEEAKKKLAQRLQAAEEHVEAVNAKCASLEKTKQRLQNEVEDLMLDVERTNAACAALDKKQRNFDKILAEWKQKYEETHAELEASQKESRSLGTELFKMKNAYEESLDQLETLKRENKNLQQEISDLTEQIAEGGKRIHELEKIKKQVEQEKCELQAALEEAEASLEHEEGKILRIQLELNQVKSEVDRKIAEKDEEIDQLKRNHIRVVESMQTMLDAEIRSRNDAIRLKKKMEGDLNEMEIQLNHANRMAAEALRNYRNTQGILKDTQIHLDDALRGQEDLKEQLAMVERRANLLQAEIEELRATLEQTERSRKMAEQELLDASERVQLLHTQNTSLINTKKKLETDISQMQGEMEDIVQEARNAEEKAKKAITDAAMMAEELKKEQDTSAHLERMKKNMEQTVKDLQHRLDEAEQLALKGGKKQIQKLEARVRELEGEVESEQKRNVEAVKGLRKHERRVKELTYQTEEDRKNILRLQDLVDKLQAKVKSYKRQAEEAEEQSNTNLAKFRKLQHELEEAEERADIAESQVNKLRVKSREVHTKVLSEE
feline_myh2,A0A337SF79,MSSDQEMAIFGEAAPYLRKSEKERIEAQNRPFDAKTSVFVAEPKESFVKGTIQSREAGKVTVKTEAGATLTVKDDQVYPMNPPKYDKIEDMAMMTHLHEPAVLYNLKERYAAWMIYTYSGLFCVTVNPYKWLPVYNPEVVTAYRGKKRQEAPPHIFSISDNAYQFMLTDRENQSILITGESGAGKTVNTKRVIQYFATIAVTGEKKKEEAGKMQGTLEDQIISANPLLEAFGNAKTVRNDNSSRFGKFIRIHFGTTGKLASADIETYLLEKSRVTFQLKAERSYHIFYQITSNKKPELIEMLLITTNPYDYPFVSQGEISVASIDDQEELMATDSAIDILGFTNEEKVSIYKLTGAVMHYGNMKFKQKQREEQAEPDGTEVADKAAYLQSLNSADLLKALCYPRVKVGNEFVTKGQTVEQVYNAVGALAKAVYEKMFLWMVTRINQQLDTKQPRQYFIGVLDIAGFEIFDFNSLEQLCINFTNEKLQQFFNHHMFVLEQEEYKKEGIEWTFIDFGMDLAACIELIEKPMGIFSILEEECMFPKATDTSFKNKLYEQHIGKSANFQKPKVVKGKAEAHFSLIHYAGTVDYNITGWLDKNKDPLNETVVGLYQKSSMKTLAYLFSGAQTAEAEASGGAKKGGKKKGSSFQTVSALFRENLNKLMTNLRSTHPHFVRCIIPNETKTPGAMEHELVLHQLRCNGVLEGIRICRKGFPSRILYADFKQRYKVLNASAIPEGQFIDSKKASEKLLASIDIDHTQYKFGHTKVFFKAGLLGLLEEMRDDKLAQLITRTQARCRGFLARVEYQRMVERREALFCIQYNIRAFMNVKHWPWMKLFFKIKPLLKSAETEKEMATMKEEFQKTKDELAKSEAKRKELEEKMVSLLKEKNDLQLQVQAEAEGLADAEERCDQLIKTKIQLEAKIKEVTERAEDEEEINAELTAKKRKLEDECSELKKDIDDLELTLAKVEKEKHATENKVKNLTEEMAGLDETIAKLTKEKKALQEAHQQTLDDLQAEEDKVNTLTKAKTKLEQQVDDLEGSLEQEKKLRMDLERAKRKLEGDLKLAQESIMDIENEKQQLDEKLKKKEFEISNLQSKIEDEQALGIQLQKKIKELQARIEELEEEIEAERASRAKAEKQRSDLSRELEEISERLEEAGGATSAQIEMNKKREAEFQKMRRDLEEATLQHEATAATLRKKHADSMAELGEQIDNLQRVKQKLEKEKSELKMEIDDLASNMETVSKAKGNLEKMCRTLEDQVSELKSKEEEQQRLINDLTTQRGRLQTESGEFSRQLDEKEALVSQLSRGKQAFTQQIEELKRQLEEEIKAKNALAHALQSSRHDCDLLREQYEEEQESKAELQRALSKANTEVAQWRTKYETDAIQRTEELEEAKKKLAQRLQAAEEHVEAVNAKCASLEKTKQRLQNEVEDLMLDVERTNAACAALDKKQRNFDKILAEWKQKYEETHAELEASQKEARSLGTELFKMKNAYEESLDQLETLKRENKNLQQEISDLTEQIAEGGKRIHELEKIKKQVEQEKCELQAALEEAEASLEHEEGKILRIQLELNQVKSEIDRKIAEKDEEIDQLKRNHIRVVESMQTMLDAEIRSRNDAIRLKKKMEGDLNEMEIQLNHANRMAAEALRNYRNTQGILKDTQLHLDDALRGQEDLKEQLAMVERRANLLQAEIEELRATLEQTERSRKIAEQELLDASERVQLLHTQNTSLINTKKKLETDISQIQGEMEDIVQEARNAEEKAKAITDAAMMAEELKKEQDTSAHLERMKKNLEQTVKDLQHRLDEAEQLALKGGKKQIQKLEARVRELEGEVESEQKRSADAVKGLRKHERRVKELTYQTEEDRKNILRLQDLVDKLQAKVKSYKRQAEEAEEQSNTNLSKFRKLQHELEEAEERADIAESQVNKLRVKSREVHTKIISEE
canine_myh2,Q076A7,MSSDQEMAIFGEAAPYLRKSEKERIEAQNRPFDAKTSVFVAEPKESFVKGTVQSREGGKVTVKTEAGATLTVKEDQVFPMNPPKYDKIEDMAMMTHLHEPAVLYNLKERYAAWMIYTYSGLFCVTVNPYKWLPVYNPEVVTAYRGKKRQEAPPHIFSISDNAYQFMLTDRENQSILITGESGAGKTVNTKRVIQYFATIAVTGEKKKEEATSGKMQGTLEDQIISANPLLEAFGNAKTVRNDNSSRFGKFIRIHFGTTGKLASADIETYLLEKSRVTFQLKAERSYHIFYQITSNKKPELIEMLLITTNPYDYPFVSQGEISVASIDDQEELIATDSAIDILGFTNEEKVSIYKLTGAVMHYGNLKFKQKQREEQAEPDGTEVADKAAYLQSLNSADLLKALCYPRVKVGNEFVTKGQTVEQVTNAVGALAKAVYEKMFLWMVTRINQQLDTKQPRQYFIGVLDIAGFEIFDFNSLEQLCINFTNEKLQQFFNHHMFVLEQEEYKKEGIEWTFIDFGMDLAACIELIEKPMGIFSILEEECMFPKATDTSFKNKLYEQHLGKSANFQKPKVVKGKAEAHFSLIHYAGVVDYNITGWLDKNKDPLNETVVGLYQKSSMKTLAYLFSGAQTAEAEASGGAKKGGKKKGSSFQTVSALFRENLNKLMTNLRSTHPHFVRCIIPNETKTPGAMEHELVLHQLRCNGVLEGIRICRKGFPSRILYADFKQRYKVLNASAIPEGQFIDSKKASEKLLASIDIDHTQYKFGHTKVFFKAGLLGLLEEMRDDKLAQLITRTQARCRGFLARVEYQKMVERRESIFCIQYNIRAFMNVKHWPWMKLFFKIKPLLKSAETEKEMATMKEEFQKTKDELAKSEAKRKELEEKMVTLLKEKNDLQLQVQAEAEGLADAEERCDQLIKTKIQLEAKIKEVTERAEDEEEINAELTAKKRKLEDECSELKKDIDDLELTLAKVEKEKHATENKVKNLTEEMAGLDETIAKLTKEKKALQEAHQQTLDDLQAEEDKVNTLTKAKIKLEQQVDDLEGSLEQEKKLRMDLERAKRKLEGDLKLAQESIMDIENEKQQLDEKLKKKEFEMSNLQSKIEDEQALGIQLQKKIKELQARIEELEEEIEAERASRAKAEKQRSDLSRELEEISERLEEAGGATSAQIEMNKKREAEFQKMRRDLEEATLQHEATAATLRKKHADSVAELGEQIDNLQRVKQKLEKEKSEMKMEIDDLASNVETVSKAKGNLEKMCRTLEDQVSELKSKEEEQQRLINDLTTQRGRLQTESGEFSRQLDEKEALVSQLSRGKLAFTQQIEELKRQLEEEIKAKNALAHALQSSRHDCDLLREQYEEEQESKAELQRALSKANSEVAQWRTKYETDAIQRTEELEEAKKKLAQRLQAAEEHVEAVNAKCASLEKTKQRLQNEVEDLMLDVERTNAACAALDKKQRNFDKILAEWKQKYEETHAELEASQKEARSLGTELFKMKNAYEESLDQLETLKRENKNLQQEISDLTEQIAEGGKRIHELEKIKKQVEQEKSEIQAALEEAEASLEHEEGKILRIQLELNQVKSEIDRKIAEKDEEIDQLKRNHIRVVESMQTMLDAEIRSRNDAIRLKKKMEGDLNEMEIQLNHANRMAAEALRNYRNTQGILKDTQIHLDDALRGQEDLKEQLAMVERRANLLQAEIEELRATLEQTERSRKIAEQELLDASERVQLLHTQNTSLINTKKKLETDISQIQGEMEDIIQEARNAEEKAKKAITDAAMMAEELKKEQDTSAHLERMKKNMEQTVKDLQHRLDEAEQLALKGGKKQIQKLEARVRELEGEVESEQKRNAEAVKGLRKHERRVKELTYQTEEDRKNILRLQDLVDKLQAKVKSYKRQAEEAEEQSNTNLSKFRKLQHELEEAEERADIAESQVNKLRVKSREVHTKVISEE
pig_myh2,Q9TV63,MSSDQEMAIFGEAAPYLRKSEKERIEAQNRPFDAKTSVFVAEPKESFVKGTIQSREGGKVTVKTEAGATLTVKEDQVFPMNPPKFDKIEDMAMMTHLHEPGVLYNLKERYAAWMIYTYSGLFCVTVNPYKWLPVYNPEVVTAYRGKKRQEAPPHIFSISDNAYQFMLTDRENQSILITGESGAGKTVNTKRVIQYFATIAVTGEKKKEEPTSGKMQGTLEDQIISANPLLEAFGNAKTVRNDNSSRFGKFIRIHFGTTGKLASADIETYLLEKSRVTFQLKAERSYHIFYQITSNRKPELIEMLLITTNPYDYPFISQGEISVASIDDQEELIATDSAIDILGFTNEEKVSIYKLTGAVMHYGNLKFKQKQREEQAEPDGTEVADKAAYLQSLNSADLLKALCYPRVKVGNEYVTKGQTVEQVTNAVGALAKAVYEKMFLWMVTRINQQLDTKQPRQYFIGVLDIAGFEIFDFNSLEQLCINFTNEKLQQFFNHHMFVLEQEEYKREGIEWTFIDFGMDLAACIELIEKPMGIFSILEEECMFPKATDTSFKNKLYEQHLGKSANFQKPKPAKGKVEAHFSLIHYAGTVDYNITGWLDKNKDPLNDTVVGLYQKSALKTLAFLFSGAQTGEAEAGGTKKGGKKKGSSFQTVSALFRENLNKLMTNLRSTHPHFVRCIIPNETKTPGAMEHELVLHQLRCNGVLEGIRICRKGFPSRILYADFKQRYKVLNASAIPEGQYIDSKKASEKLLASIDIDHTQYKFGHTKVFFKAGLLGLLEEMRDDKLAQLITRTQARCRGFLARVEYQKMVERRESIFCIQYNIRAFMNVKHWPWMKLFFKIKPLLKSAESEKEMATMKEEFQKTKDELAKSEAKRKELEEKMVTLLKEKNDLQLQVQAEAEGLADAEERCDQLIKTKIQLEAKIKEVTERAEDEEEINAELTAKKRKLEDECSELKKDIDDLELTLAKVEKEKHATENKVKNLTEEMAGLDETIAKLTKEKKALQEAHQQTLDDLQAEEDKVNTLTKAKTKLEQQVDDLEGSLEQEKKLRMDLERAKRKLEGDLKLAQESIMDIENEKQQLDEKLKKKEFEISNLQSKIEDEQALAIQLQKKIKELQARIEELEEEIEAERASRAKAEKQRSDLSRELEEISERLEEAGGATSAQIEMNKKREAEFQKMRRDLEEATLQHEATAAALRKKHADSVAELGEQIDNLQRVKQKLEKEKSEMKMEIDDLASNMETVSKAKGNLEKMCRTLEDQLSELKSKEEEQQRLINDLTAQRGRLQTESGEFSRQLDEKEALVSQLSRGKQAYTQQIEELKRQLEEEIKAKNALAHALQSSRHDCDLLREQYEEEQESKAELQRALSKANTEVAQWRTKYETDAIQRTEELEEAKKKLAQRLQAAEEHVEAVNAKCASLEKTKQRLQNEVEDLMLDVERTNAACAALDKKQRNFDKILAEWKQKYEETHAELEASQKEARSLGTELFKMKNAYEESLDQLETLKRENKNLQQEISDLTEQIAEGGKRIHELEKIKKQVEQEKSEIQAALEEAEASLEHEEGKILRIQLELNQVKSEVDRKIAEKDEEIDQLKRNHVRVVESMQSMLDAEIRSRNDAIRLKKKMEGDLNEMEIQLNHANRMAAEALRNYRNTQGILKDTQIHLDDALRGQEDLKEQLAMVERRANLLQAEIEELRATLEQTERSRKVAEQELLDASERVQLLHTQNTSLINTKKKLETDISQMQGEMEDILQEARNAEEKAKKAITDAAMMAEELKKEQDTSAHLERMKKNMEQTVKDLQHRLDEAEQLALKGGKKQIQKLEARVRELEGEVESEQKRNAEAVKGLRKHERRVKELTYQTEEDRKNILRLQDLVDKLQAKVKSYKRQAEEAEEQSNTNLSKFRKLQHELEEAEERADIAESQVNKLRVKSREVHTKVISEE
horse_myh2,Q8MJV1,MSSDQEMAIFGEAAPYLRKSEKERIEAQNRPFDAKTSVFVAEPKESFVKGTIQSREGGKVTVKTDAGATLTVKEDQVFPMNPPKYDKIEDMAMMTHLHEPAVLYNLKERYAAWMIYTYSGLFCVTVNPYKWLPVYNPEVVTAYRGKKRQEAPPHIFSISDNAYQFMLTDRENQSILITGESGAGKTVNTKRVIQYFATIAVTGEKKKEEPGKMQGTLEDQIISANPLLEAFGNAKTVRNDNSSRFGKFIRIHFGTTGKLASADIETYLLEKSRVTFQLKAERSYHIFYQITSNRKPELIEMLLITTNPYDYPYVSQGEISVASIDDQEELIATDSAIDILGFTNDEKVSIYKLTGAVMHYGNLKFKQKQREEQAEPDGTEVADKAAYLQGLNSADLLKALCYPRVKVGNEFVTKGQTVEQVTNAVGALAKAVYDKMFLWMVARINQQLDTKQPRQYFIGVLDIAGFEIFDFNSLEQLCINFTNEKLQQFFNHHMFVLEQEEYKKEGIEWTFIDFGMDLAACIELIEKPMGIFSILEEECMFPKATDTSFKNKLYEQHLGKSSNFQKPKVVKGKAEAHFSLIHYAGVVDYNITGWLDKNKDPLNETVVGLYQKSSVKTLALLFSGAQTADAEAGGVKKGGKKKGSSFQTVSALFRENLNKLMTNLRSTHPHFVRCIIPNETKTPGAMEHELVLHQLRCNGVLEGIRICRKGFPSRILYADFKQRYKVLNASAIPEGQFIDSKKASEKLLASIDIDHTQYKFGHTKVFFKAGLLGLLEEMRDDKLAQIITRTQARCRGFLARVEYQKMVERRESIFCIQYNIRAFMNVKHWPWMKLFFRIKPLLKSAETEKEMATMKEEFQKTKDELAKSEAKRKELEEKMVSLLKEKNDLQLQVQSEAEGLADAEERCDQLIKTKIQLEAKIKEVTERAEDEEEINAELTAKKRKLEDECSELKKDIDDLELTLAKVEKEKHATENKVKNLTEEMAGLDETIAKLTKEKKALQEAHQQTLDDLQAEEDKVNTLTKAKTKLEQQVDDLEGSLEQEKKLRMDLERAKRKLEGDLKLAQESIMDIENEKQQLDEKLKKKEFEIGNLQSKIEDEQALGIQLQKKIKELQARIEELEEEIEAERASRAKAEKQRSDLSRELEEISERLEEAGGATSAQIEMNKKREAEFQKMRRDLEEATLQHEATAAALRKKHADSVAELGEQIDNLQRVKQKLEKEKSEMKMEIDDLASNVETVSKAKGNLEKMCRTLEDQVSELKSKEEEQQRLINDLTAQRGRLQTEAGEFSRQLDEKEALVSQLSRGKQAFTQQIEELKRQLEEEIKAKNALAHALQSSRHDCDLLREQYEEEQESKAELQRALSKANSEVAQWRTKYETDAIQRTEELEEAKKKLAQRLQAAEEHVEAVNAKCASLEKTKQRLQNEVEDLMLDVERTNAACAALDKKQRNFDKILAEWKQKYEETHAELEASQKEARSLGTELFKMKNAYEESLDQLETLKRENKNLQQEISDLTEQIAEGGKRIHELEKIKKQVEQEKSELQAALEEAEASLEHEEGKILRIQLELNQVKSEIDRKIAEKDEEIDQLKRNHVRVVETMQTMLDAEIRSRNDAIRIKKKMEGDLNEMEIQLNHANRMAAEALRNYRNTQGILKDTQLHLDDALRGQEDLKEQLAMVERRANLLQAEIEELRATLEQTERSRKIAEQELLDASERVQLLHTQNTSLINTKKKLETDISQLQGEMEDILQEARNAEEKAKKAITDAAMMAEELKKEQDTSAHLERMKKNLEQTVKDLQQRLDEAEQLALKGGKKQIQKLEARVRELEGEVESEQKRSAEAIKGLRKHERRVKELTYQTEEDRKNILRLQDLVDKLQAKVKSYKRQAEEAEEQSNTNLSKFRKLQHELEEAEERADIAESQVNKLRVKSREVHTKIISEE
chicken_myh11,pdb_8SYF,SQKPLSDDEKFLFVDKNFVNNPLAQADWSAKKLVWVPSEKHGFEAASIKEEKGDEVTVELQENGKKVTLSKDDIQKMNPPKFSKVEDMAELTCLNEASVLHNLRERYFSGLIYTYSGLFCVVINPYKQLPIYSEKIIDMYKGKKRHEMPPHIYAIADTAYRSMLQDREDQSILCTGESGAGKTENTKKVIQYLAVVASSHKGKKDTSITGELEKQLLQANPILEAFGNAKTVKNDNSSRFGKFIRINFDVTGYIVGANIETYLLEKSRAIRQAKDERTFHIFYYLIAGASEQMRNDLLLEGFNNYTFLSNGHVPIPAQQDDEMFQETLEAMTIMGFTEEEQTSILRVVSSVLQLGNIVFKKERNTDQASMPDNTAAQKVCHLMGINVTDFTRSILTPRIKVGRDVVQKAQTKEQADFAIEALAKAKFERLFRWILTRVNKALDKTKRQGASFLGILDIAGFEIFEINSFEQLCINYTNEKLQQLFNHTMFILEQEEYQREGIEWNFIDFGLDLQPCIELIERPTNPPGVLALLDEECWFPKATDTSFVEKLIQEQGNHAKFQKSKQLKDKTEFCILHYAGKVTYNASAWLTKNMDPLNDNVTSLLNQSSDKFVADLWKDVDRIVGLDQMAKMTESSLPSASKTKKGMFRTVGQLYKEQLTKLMTTLRNTNPNFVRCIIPNHEKRAGKLDAHLVLEQLRCNGVLEGIRICRQGFPNRIVFQEFRQRYEILAANAIPKGFMDGKQACILMIKALELDPNLYRIGQSKIFFRTGVLAHLEEERDLKITDVIIAFQAQCRGYLARKAFAKRQQQLTAMKVIQRNCAAYLKLRNWQWWRLFTKVKPLL