,design,n,mpnn,plddt,i_ptm,i_pae,rmsd,seq
0,0,0,1.3844005303997997,0.7180885672569275,0.1952136754989624,28.377323269844055,38.57591247558594,LAQADWSAKKLVWVPSEKHGFEAASIKEEKGDEVTVELQENGKKVTLSKDDIQKMNPPKFSKVEDMAELTCLNEASVLHNLRERYFSGLIYTYSGLFCVVVNPYKQLPIYSEKIIDMYKGKKRHEMPPHIYAIADTAYRSMLQDREDQSILCTGESGAGKTENTKKVIQYLAVVASSHKGKQGPSFSYGELEKQLLQANPILEAFGNAKTVKNDNSSRFGKFIRINFDVTGYIVGANIETYLLEKSRAIRQAKDERTFHIFYYLIAGASEQMRNDLLLEGFNNYTFLSNGHVPIPAQQDDEMFQETLEAMRIMGFTEEEQTSILRVVSSVLQLGNIVFKKERNTDQASMPDNTAAQKVCHLMGINVTDFTRSILTPRIKVGRDVVQKAQTKEQADFAIEALAKAKFERLFRWILTRVNKALDKTKRQGASFLGILDIAGFEIFEINSFEQLCINYTNEKLQQLFNHTMFILEQEEYQREGIEWNFIDFGLDLQPCIELIERPTNPPGVLALLDEECWFPKATDTSFVEKLIQEQGNHPKFQKSKQLKDKTEFCILHYAGKVSYNASAWLTKNMDPLNDNVTSLLNQSSDKFVADLWKDVDRIVGLFRTVGQLYKEQLTKLMTTLRNTNPNFVRCIIPNHEKRAGKLDAHLVLEQLRCNGVLEGIRICRQGFPNRIVFQEFRQRYEILAANAIPKGFMDGKQACILMIKALELDPNLYRIGQSKIFFRTGVLAHLEEERDLKITDVIIAFQ/EEKEKEEKENKEFIERLLKREKK
1,0,1,1.571197936681034,0.7516669929027557,0.19053682684898376,28.41479182243347,35.80293655395508,LAQADWSAKKLVWVPSEKHGFEAASIKEEKGDEVTVELQENGKKVTLSKDDIQKMNPPKFSKVEDMAELTCLNEASVLHNLRERYFSGLIYTYSGLFCVVVNPYKQLPIYSEKIIDMYKGKKRHEMPPHIYAIADTAYRSMLQDREDQSILCTGESGAGKTENTKKVIQYLAVVASSHKGKQGPSFSYGELEKQLLQANPILEAFGNAKTVKNDNSSRFGKFIRINFDVTGYIVGANIETYLLEKSRAIRQAKDERTFHIFYYLIAGASEQMRNDLLLEGFNNYTFLSNGHVPIPAQQDDEMFQETLEAMRIMGFTEEEQTSILRVVSSVLQLGNIVFKKERNTDQASMPDNTAAQKVCHLMGINVTDFTRSILTPRIKVGRDVVQKAQTKEQADFAIEALAKAKFERLFRWILTRVNKALDKTKRQGASFLGILDIAGFEIFEINSFEQLCINYTNEKLQQLFNHTMFILEQEEYQREGIEWNFIDFGLDLQPCIELIERPTNPPGVLALLDEECWFPKATDTSFVEKLIQEQGNHPKFQKSKQLKDKTEFCILHYAGKVSYNASAWLTKNMDPLNDNVTSLLNQSSDKFVADLWKDVDRIVGLFRTVGQLYKEQLTKLMTTLRNTNPNFVRCIIPNHEKRAGKLDAHLVLEQLRCNGVLEGIRICRQGFPNRIVFQEFRQRYEILAANAIPKGFMDGKQACILMIKALELDPNLYRIGQSKIFFRTGVLAHLEEERDLKITDVIIAFQ/SLEEKEREENERFIKRLMERQKK
2,0,2,1.4519171203126304,0.758086159825325,0.19493429362773895,28.235521852970123,34.27406311035156,LAQADWSAKKLVWVPSEKHGFEAASIKEEKGDEVTVELQENGKKVTLSKDDIQKMNPPKFSKVEDMAELTCLNEASVLHNLRERYFSGLIYTYSGLFCVVVNPYKQLPIYSEKIIDMYKGKKRHEMPPHIYAIADTAYRSMLQDREDQSILCTGESGAGKTENTKKVIQYLAVVASSHKGKQGPSFSYGELEKQLLQANPILEAFGNAKTVKNDNSSRFGKFIRINFDVTGYIVGANIETYLLEKSRAIRQAKDERTFHIFYYLIAGASEQMRNDLLLEGFNNYTFLSNGHVPIPAQQDDEMFQETLEAMRIMGFTEEEQTSILRVVSSVLQLGNIVFKKERNTDQASMPDNTAAQKVCHLMGINVTDFTRSILTPRIKVGRDVVQKAQTKEQADFAIEALAKAKFERLFRWILTRVNKALDKTKRQGASFLGILDIAGFEIFEINSFEQLCINYTNEKLQQLFNHTMFILEQEEYQREGIEWNFIDFGLDLQPCIELIERPTNPPGVLALLDEECWFPKATDTSFVEKLIQEQGNHPKFQKSKQLKDKTEFCILHYAGKVSYNASAWLTKNMDPLNDNVTSLLNQSSDKFVADLWKDVDRIVGLFRTVGQLYKEQLTKLMTTLRNTNPNFVRCIIPNHEKRAGKLDAHLVLEQLRCNGVLEGIRICRQGFPNRIVFQEFRQRYEILAANAIPKGFMDGKQACILMIKALELDPNLYRIGQSKIFFRTGVLAHLEEERDLKITDVIIAFQ/EEEEKKEKENKEFIKRLLEIENR
3,0,3,1.4365799109805715,0.7066112756729126,0.2017579823732376,28.32081925868988,32.4532356262207,LAQADWSAKKLVWVPSEKHGFEAASIKEEKGDEVTVELQENGKKVTLSKDDIQKMNPPKFSKVEDMAELTCLNEASVLHNLRERYFSGLIYTYSGLFCVVVNPYKQLPIYSEKIIDMYKGKKRHEMPPHIYAIADTAYRSMLQDREDQSILCTGESGAGKTENTKKVIQYLAVVASSHKGKQGPSFSYGELEKQLLQANPILEAFGNAKTVKNDNSSRFGKFIRINFDVTGYIVGANIETYLLEKSRAIRQAKDERTFHIFYYLIAGASEQMRNDLLLEGFNNYTFLSNGHVPIPAQQDDEMFQETLEAMRIMGFTEEEQTSILRVVSSVLQLGNIVFKKERNTDQASMPDNTAAQKVCHLMGINVTDFTRSILTPRIKVGRDVVQKAQTKEQADFAIEALAKAKFERLFRWILTRVNKALDKTKRQGASFLGILDIAGFEIFEINSFEQLCINYTNEKLQQLFNHTMFILEQEEYQREGIEWNFIDFGLDLQPCIELIERPTNPPGVLALLDEECWFPKATDTSFVEKLIQEQGNHPKFQKSKQLKDKTEFCILHYAGKVSYNASAWLTKNMDPLNDNVTSLLNQSSDKFVADLWKDVDRIVGLFRTVGQLYKEQLTKLMTTLRNTNPNFVRCIIPNHEKRAGKLDAHLVLEQLRCNGVLEGIRICRQGFPNRIVFQEFRQRYEILAANAIPKGFMDGKQACILMIKALELDPNLYRIGQSKIFFRTGVLAHLEEERDLKITDVIIAFQ/EEEEEKRKENEEFIERLLKREKK
4,0,4,1.5032016861641007,0.6975361406803131,0.20179155468940735,28.309546172618866,29.962913513183594,LAQADWSAKKLVWVPSEKHGFEAASIKEEKGDEVTVELQENGKKVTLSKDDIQKMNPPKFSKVEDMAELTCLNEASVLHNLRERYFSGLIYTYSGLFCVVVNPYKQLPIYSEKIIDMYKGKKRHEMPPHIYAIADTAYRSMLQDREDQSILCTGESGAGKTENTKKVIQYLAVVASSHKGKQGPSFSYGELEKQLLQANPILEAFGNAKTVKNDNSSRFGKFIRINFDVTGYIVGANIETYLLEKSRAIRQAKDERTFHIFYYLIAGASEQMRNDLLLEGFNNYTFLSNGHVPIPAQQDDEMFQETLEAMRIMGFTEEEQTSILRVVSSVLQLGNIVFKKERNTDQASMPDNTAAQKVCHLMGINVTDFTRSILTPRIKVGRDVVQKAQTKEQADFAIEALAKAKFERLFRWILTRVNKALDKTKRQGASFLGILDIAGFEIFEINSFEQLCINYTNEKLQQLFNHTMFILEQEEYQREGIEWNFIDFGLDLQPCIELIERPTNPPGVLALLDEECWFPKATDTSFVEKLIQEQGNHPKFQKSKQLKDKTEFCILHYAGKVSYNASAWLTKNMDPLNDNVTSLLNQSSDKFVADLWKDVDRIVGLFRTVGQLYKEQLTKLMTTLRNTNPNFVRCIIPNHEKRAGKLDAHLVLEQLRCNGVLEGIRICRQGFPNRIVFQEFRQRYEILAANAIPKGFMDGKQACILMIKALELDPNLYRIGQSKIFFRTGVLAHLEEERDLKITDVIIAFQ/EEEEKERKENEEFIKRLLKRENK
5,0,5,1.4658250543192037,0.7624839395284653,0.21891802549362183,27.73568308353424,47.43502426147461,LAQADWSAKKLVWVPSEKHGFEAASIKEEKGDEVTVELQENGKKVTLSKDDIQKMNPPKFSKVEDMAELTCLNEASVLHNLRERYFSGLIYTYSGLFCVVVNPYKQLPIYSEKIIDMYKGKKRHEMPPHIYAIADTAYRSMLQDREDQSILCTGESGAGKTENTKKVIQYLAVVASSHKGKQGPSFSYGELEKQLLQANPILEAFGNAKTVKNDNSSRFGKFIRINFDVTGYIVGANIETYLLEKSRAIRQAKDERTFHIFYYLIAGASEQMRNDLLLEGFNNYTFLSNGHVPIPAQQDDEMFQETLEAMRIMGFTEEEQTSILRVVSSVLQLGNIVFKKERNTDQASMPDNTAAQKVCHLMGINVTDFTRSILTPRIKVGRDVVQKAQTKEQADFAIEALAKAKFERLFRWILTRVNKALDKTKRQGASFLGILDIAGFEIFEINSFEQLCINYTNEKLQQLFNHTMFILEQEEYQREGIEWNFIDFGLDLQPCIELIERPTNPPGVLALLDEECWFPKATDTSFVEKLIQEQGNHPKFQKSKQLKDKTEFCILHYAGKVSYNASAWLTKNMDPLNDNVTSLLNQSSDKFVADLWKDVDRIVGLFRTVGQLYKEQLTKLMTTLRNTNPNFVRCIIPNHEKRAGKLDAHLVLEQLRCNGVLEGIRICRQGFPNRIVFQEFRQRYEILAANAIPKGFMDGKQACILMIKALELDPNLYRIGQSKIFFRTGVLAHLEEERDLKITDVIIAFQ/EEEEEERKRNEEFIERLLRRLER
6,0,6,1.4235331345153133,0.7770647555589676,0.19102618098258972,28.368888318538666,31.767520904541016,LAQADWSAKKLVWVPSEKHGFEAASIKEEKGDEVTVELQENGKKVTLSKDDIQKMNPPKFSKVEDMAELTCLNEASVLHNLRERYFSGLIYTYSGLFCVVVNPYKQLPIYSEKIIDMYKGKKRHEMPPHIYAIADTAYRSMLQDREDQSILCTGESGAGKTENTKKVIQYLAVVASSHKGKQGPSFSYGELEKQLLQANPILEAFGNAKTVKNDNSSRFGKFIRINFDVTGYIVGANIETYLLEKSRAIRQAKDERTFHIFYYLIAGASEQMRNDLLLEGFNNYTFLSNGHVPIPAQQDDEMFQETLEAMRIMGFTEEEQTSILRVVSSVLQLGNIVFKKERNTDQASMPDNTAAQKVCHLMGINVTDFTRSILTPRIKVGRDVVQKAQTKEQADFAIEALAKAKFERLFRWILTRVNKALDKTKRQGASFLGILDIAGFEIFEINSFEQLCINYTNEKLQQLFNHTMFILEQEEYQREGIEWNFIDFGLDLQPCIELIERPTNPPGVLALLDEECWFPKATDTSFVEKLIQEQGNHPKFQKSKQLKDKTEFCILHYAGKVSYNASAWLTKNMDPLNDNVTSLLNQSSDKFVADLWKDVDRIVGLFRTVGQLYKEQLTKLMTTLRNTNPNFVRCIIPNHEKRAGKLDAHLVLEQLRCNGVLEGIRICRQGFPNRIVFQEFRQRYEILAANAIPKGFMDGKQACILMIKALELDPNLYRIGQSKIFFRTGVLAHLEEERDLKITDVIIAFQ/EEKKREEEENKRFIERLLKRLAK
7,0,7,1.5106233896031571,0.7531562596559525,0.19984596967697144,28.275592029094696,30.476009368896484,LAQADWSAKKLVWVPSEKHGFEAASIKEEKGDEVTVELQENGKKVTLSKDDIQKMNPPKFSKVEDMAELTCLNEASVLHNLRERYFSGLIYTYSGLFCVVVNPYKQLPIYSEKIIDMYKGKKRHEMPPHIYAIADTAYRSMLQDREDQSILCTGESGAGKTENTKKVIQYLAVVASSHKGKQGPSFSYGELEKQLLQANPILEAFGNAKTVKNDNSSRFGKFIRINFDVTGYIVGANIETYLLEKSRAIRQAKDERTFHIFYYLIAGASEQMRNDLLLEGFNNYTFLSNGHVPIPAQQDDEMFQETLEAMRIMGFTEEEQTSILRVVSSVLQLGNIVFKKERNTDQASMPDNTAAQKVCHLMGINVTDFTRSILTPRIKVGRDVVQKAQTKEQADFAIEALAKAKFERLFRWILTRVNKALDKTKRQGASFLGILDIAGFEIFEINSFEQLCINYTNEKLQQLFNHTMFILEQEEYQREGIEWNFIDFGLDLQPCIELIERPTNPPGVLALLDEECWFPKATDTSFVEKLIQEQGNHPKFQKSKQLKDKTEFCILHYAGKVSYNASAWLTKNMDPLNDNVTSLLNQSSDKFVADLWKDVDRIVGLFRTVGQLYKEQLTKLMTTLRNTNPNFVRCIIPNHEKRAGKLDAHLVLEQLRCNGVLEGIRICRQGFPNRIVFQEFRQRYEILAANAIPKGFMDGKQACILMIKALELDPNLYRIGQSKIFFRTGVLAHLEEERDLKITDVIIAFQ/SEEEEKERQNKEFIERLLRRQEK
8,0,8,1.4415941309880709,0.7844256013631821,0.1971586048603058,28.269886195659637,31.769746780395508,LAQADWSAKKLVWVPSEKHGFEAASIKEEKGDEVTVELQENGKKVTLSKDDIQKMNPPKFSKVEDMAELTCLNEASVLHNLRERYFSGLIYTYSGLFCVVVNPYKQLPIYSEKIIDMYKGKKRHEMPPHIYAIADTAYRSMLQDREDQSILCTGESGAGKTENTKKVIQYLAVVASSHKGKQGPSFSYGELEKQLLQANPILEAFGNAKTVKNDNSSRFGKFIRINFDVTGYIVGANIETYLLEKSRAIRQAKDERTFHIFYYLIAGASEQMRNDLLLEGFNNYTFLSNGHVPIPAQQDDEMFQETLEAMRIMGFTEEEQTSILRVVSSVLQLGNIVFKKERNTDQASMPDNTAAQKVCHLMGINVTDFTRSILTPRIKVGRDVVQKAQTKEQADFAIEALAKAKFERLFRWILTRVNKALDKTKRQGASFLGILDIAGFEIFEINSFEQLCINYTNEKLQQLFNHTMFILEQEEYQREGIEWNFIDFGLDLQPCIELIERPTNPPGVLALLDEECWFPKATDTSFVEKLIQEQGNHPKFQKSKQLKDKTEFCILHYAGKVSYNASAWLTKNMDPLNDNVTSLLNQSSDKFVADLWKDVDRIVGLFRTVGQLYKEQLTKLMTTLRNTNPNFVRCIIPNHEKRAGKLDAHLVLEQLRCNGVLEGIRICRQGFPNRIVFQEFRQRYEILAANAIPKGFMDGKQACILMIKALELDPNLYRIGQSKIFFRTGVLAHLEEERDLKITDVIIAFQ/SEEEEEKKKNEEFIKKLLEQLEK
9,0,9,1.392629916943559,0.7415701448917389,0.19600249826908112,28.439307689666748,32.91103744506836,LAQADWSAKKLVWVPSEKHGFEAASIKEEKGDEVTVELQENGKKVTLSKDDIQKMNPPKFSKVEDMAELTCLNEASVLHNLRERYFSGLIYTYSGLFCVVVNPYKQLPIYSEKIIDMYKGKKRHEMPPHIYAIADTAYRSMLQDREDQSILCTGESGAGKTENTKKVIQYLAVVASSHKGKQGPSFSYGELEKQLLQANPILEAFGNAKTVKNDNSSRFGKFIRINFDVTGYIVGANIETYLLEKSRAIRQAKDERTFHIFYYLIAGASEQMRNDLLLEGFNNYTFLSNGHVPIPAQQDDEMFQETLEAMRIMGFTEEEQTSILRVVSSVLQLGNIVFKKERNTDQASMPDNTAAQKVCHLMGINVTDFTRSILTPRIKVGRDVVQKAQTKEQADFAIEALAKAKFERLFRWILTRVNKALDKTKRQGASFLGILDIAGFEIFEINSFEQLCINYTNEKLQQLFNHTMFILEQEEYQREGIEWNFIDFGLDLQPCIELIERPTNPPGVLALLDEECWFPKATDTSFVEKLIQEQGNHPKFQKSKQLKDKTEFCILHYAGKVSYNASAWLTKNMDPLNDNVTSLLNQSSDKFVADLWKDVDRIVGLFRTVGQLYKEQLTKLMTTLRNTNPNFVRCIIPNHEKRAGKLDAHLVLEQLRCNGVLEGIRICRQGFPNRIVFQEFRQRYEILAANAIPKGFMDGKQACILMIKALELDPNLYRIGQSKIFFRTGVLAHLEEERDLKITDVIIAFQ/EEKKKEEEENKEFIERLLKRRKK
10,0,10,1.4294439392509126,0.5801056921482086,0.21961337327957153,28.04528921842575,39.043949127197266,LAQADWSAKKLVWVPSEKHGFEAASIKEEKGDEVTVELQENGKKVTLSKDDIQKMNPPKFSKVEDMAELTCLNEASVLHNLRERYFSGLIYTYSGLFCVVVNPYKQLPIYSEKIIDMYKGKKRHEMPPHIYAIADTAYRSMLQDREDQSILCTGESGAGKTENTKKVIQYLAVVASSHKGKQGPSFSYGELEKQLLQANPILEAFGNAKTVKNDNSSRFGKFIRINFDVTGYIVGANIETYLLEKSRAIRQAKDERTFHIFYYLIAGASEQMRNDLLLEGFNNYTFLSNGHVPIPAQQDDEMFQETLEAMRIMGFTEEEQTSILRVVSSVLQLGNIVFKKERNTDQASMPDNTAAQKVCHLMGINVTDFTRSILTPRIKVGRDVVQKAQTKEQADFAIEALAKAKFERLFRWILTRVNKALDKTKRQGASFLGILDIAGFEIFEINSFEQLCINYTNEKLQQLFNHTMFILEQEEYQREGIEWNFIDFGLDLQPCIELIERPTNPPGVLALLDEECWFPKATDTSFVEKLIQEQGNHPKFQKSKQLKDKTEFCILHYAGKVSYNASAWLTKNMDPLNDNVTSLLNQSSDKFVADLWKDVDRIVGLFRTVGQLYKEQLTKLMTTLRNTNPNFVRCIIPNHEKRAGKLDAHLVLEQLRCNGVLEGIRICRQGFPNRIVFQEFRQRYEILAANAIPKGFMDGKQACILMIKALELDPNLYRIGQSKIFFRTGVLAHLEEERDLKITDVIIAFQ/EEEEEEEEENEEFIERLLKREEK
11,0,11,1.4037391291092054,0.7712362259626389,0.20175623893737793,28.194533348083496,29.876548767089844,LAQADWSAKKLVWVPSEKHGFEAASIKEEKGDEVTVELQENGKKVTLSKDDIQKMNPPKFSKVEDMAELTCLNEASVLHNLRERYFSGLIYTYSGLFCVVVNPYKQLPIYSEKIIDMYKGKKRHEMPPHIYAIADTAYRSMLQDREDQSILCTGESGAGKTENTKKVIQYLAVVASSHKGKQGPSFSYGELEKQLLQANPILEAFGNAKTVKNDNSSRFGKFIRINFDVTGYIVGANIETYLLEKSRAIRQAKDERTFHIFYYLIAGASEQMRNDLLLEGFNNYTFLSNGHVPIPAQQDDEMFQETLEAMRIMGFTEEEQTSILRVVSSVLQLGNIVFKKERNTDQASMPDNTAAQKVCHLMGINVTDFTRSILTPRIKVGRDVVQKAQTKEQADFAIEALAKAKFERLFRWILTRVNKALDKTKRQGASFLGILDIAGFEIFEINSFEQLCINYTNEKLQQLFNHTMFILEQEEYQREGIEWNFIDFGLDLQPCIELIERPTNPPGVLALLDEECWFPKATDTSFVEKLIQEQGNHPKFQKSKQLKDKTEFCILHYAGKVSYNASAWLTKNMDPLNDNVTSLLNQSSDKFVADLWKDVDRIVGLFRTVGQLYKEQLTKLMTTLRNTNPNFVRCIIPNHEKRAGKLDAHLVLEQLRCNGVLEGIRICRQGFPNRIVFQEFRQRYEILAANAIPKGFMDGKQACILMIKALELDPNLYRIGQSKIFFRTGVLAHLEEERDLKITDVIIAFQ/EEEEKERKENEEFIKRLLELEEK
12,0,12,1.4199251033994842,0.6487069129943848,0.22529274225234985,28.025431513786316,30.13668441772461,LAQADWSAKKLVWVPSEKHGFEAASIKEEKGDEVTVELQENGKKVTLSKDDIQKMNPPKFSKVEDMAELTCLNEASVLHNLRERYFSGLIYTYSGLFCVVVNPYKQLPIYSEKIIDMYKGKKRHEMPPHIYAIADTAYRSMLQDREDQSILCTGESGAGKTENTKKVIQYLAVVASSHKGKQGPSFSYGELEKQLLQANPILEAFGNAKTVKNDNSSRFGKFIRINFDVTGYIVGANIETYLLEKSRAIRQAKDERTFHIFYYLIAGASEQMRNDLLLEGFNNYTFLSNGHVPIPAQQDDEMFQETLEAMRIMGFTEEEQTSILRVVSSVLQLGNIVFKKERNTDQASMPDNTAAQKVCHLMGINVTDFTRSILTPRIKVGRDVVQKAQTKEQADFAIEALAKAKFERLFRWILTRVNKALDKTKRQGASFLGILDIAGFEIFEINSFEQLCINYTNEKLQQLFNHTMFILEQEEYQREGIEWNFIDFGLDLQPCIELIERPTNPPGVLALLDEECWFPKATDTSFVEKLIQEQGNHPKFQKSKQLKDKTEFCILHYAGKVSYNASAWLTKNMDPLNDNVTSLLNQSSDKFVADLWKDVDRIVGLFRTVGQLYKEQLTKLMTTLRNTNPNFVRCIIPNHEKRAGKLDAHLVLEQLRCNGVLEGIRICRQGFPNRIVFQEFRQRYEILAANAIPKGFMDGKQACILMIKALELDPNLYRIGQSKIFFRTGVLAHLEEERDLKITDVIIAFQ/EEEEEEEEENEEFIERLLELEEK
13,0,13,1.4305004911837418,0.7733226120471954,0.1908210813999176,28.371781885623932,33.92238998413086,LAQADWSAKKLVWVPSEKHGFEAASIKEEKGDEVTVELQENGKKVTLSKDDIQKMNPPKFSKVEDMAELTCLNEASVLHNLRERYFSGLIYTYSGLFCVVVNPYKQLPIYSEKIIDMYKGKKRHEMPPHIYAIADTAYRSMLQDREDQSILCTGESGAGKTENTKKVIQYLAVVASSHKGKQGPSFSYGELEKQLLQANPILEAFGNAKTVKNDNSSRFGKFIRINFDVTGYIVGANIETYLLEKSRAIRQAKDERTFHIFYYLIAGASEQMRNDLLLEGFNNYTFLSNGHVPIPAQQDDEMFQETLEAMRIMGFTEEEQTSILRVVSSVLQLGNIVFKKERNTDQASMPDNTAAQKVCHLMGINVTDFTRSILTPRIKVGRDVVQKAQTKEQADFAIEALAKAKFERLFRWILTRVNKALDKTKRQGASFLGILDIAGFEIFEINSFEQLCINYTNEKLQQLFNHTMFILEQEEYQREGIEWNFIDFGLDLQPCIELIERPTNPPGVLALLDEECWFPKATDTSFVEKLIQEQGNHPKFQKSKQLKDKTEFCILHYAGKVSYNASAWLTKNMDPLNDNVTSLLNQSSDKFVADLWKDVDRIVGLFRTVGQLYKEQLTKLMTTLRNTNPNFVRCIIPNHEKRAGKLDAHLVLEQLRCNGVLEGIRICRQGFPNRIVFQEFRQRYEILAANAIPKGFMDGKQACILMIKALELDPNLYRIGQSKIFFRTGVLAHLEEERDLKITDVIIAFQ/AEKEEEEKKNKEFIERLLKRLEK
14,0,14,1.475069758043404,0.7907449901103973,0.19189563393592834,28.365172505378723,28.717145919799805,LAQADWSAKKLVWVPSEKHGFEAASIKEEKGDEVTVELQENGKKVTLSKDDIQKMNPPKFSKVEDMAELTCLNEASVLHNLRERYFSGLIYTYSGLFCVVVNPYKQLPIYSEKIIDMYKGKKRHEMPPHIYAIADTAYRSMLQDREDQSILCTGESGAGKTENTKKVIQYLAVVASSHKGKQGPSFSYGELEKQLLQANPILEAFGNAKTVKNDNSSRFGKFIRINFDVTGYIVGANIETYLLEKSRAIRQAKDERTFHIFYYLIAGASEQMRNDLLLEGFNNYTFLSNGHVPIPAQQDDEMFQETLEAMRIMGFTEEEQTSILRVVSSVLQLGNIVFKKERNTDQASMPDNTAAQKVCHLMGINVTDFTRSILTPRIKVGRDVVQKAQTKEQADFAIEALAKAKFERLFRWILTRVNKALDKTKRQGASFLGILDIAGFEIFEINSFEQLCINYTNEKLQQLFNHTMFILEQEEYQREGIEWNFIDFGLDLQPCIELIERPTNPPGVLALLDEECWFPKATDTSFVEKLIQEQGNHPKFQKSKQLKDKTEFCILHYAGKVSYNASAWLTKNMDPLNDNVTSLLNQSSDKFVADLWKDVDRIVGLFRTVGQLYKEQLTKLMTTLRNTNPNFVRCIIPNHEKRAGKLDAHLVLEQLRCNGVLEGIRICRQGFPNRIVFQEFRQRYEILAANAIPKGFMDGKQACILMIKALELDPNLYRIGQSKIFFRTGVLAHLEEERDLKITDVIIAFQ/KEKEEEEKRNKEFIERLLRRLEK
15,0,15,1.4346453593070259,0.7832229137420654,0.20142799615859985,28.288792312145233,22.072221755981445,LAQADWSAKKLVWVPSEKHGFEAASIKEEKGDEVTVELQENGKKVTLSKDDIQKMNPPKFSKVEDMAELTCLNEASVLHNLRERYFSGLIYTYSGLFCVVVNPYKQLPIYSEKIIDMYKGKKRHEMPPHIYAIADTAYRSMLQDREDQSILCTGESGAGKTENTKKVIQYLAVVASSHKGKQGPSFSYGELEKQLLQANPILEAFGNAKTVKNDNSSRFGKFIRINFDVTGYIVGANIETYLLEKSRAIRQAKDERTFHIFYYLIAGASEQMRNDLLLEGFNNYTFLSNGHVPIPAQQDDEMFQETLEAMRIMGFTEEEQTSILRVVSSVLQLGNIVFKKERNTDQASMPDNTAAQKVCHLMGINVTDFTRSILTPRIKVGRDVVQKAQTKEQADFAIEALAKAKFERLFRWILTRVNKALDKTKRQGASFLGILDIAGFEIFEINSFEQLCINYTNEKLQQLFNHTMFILEQEEYQREGIEWNFIDFGLDLQPCIELIERPTNPPGVLALLDEECWFPKATDTSFVEKLIQEQGNHPKFQKSKQLKDKTEFCILHYAGKVSYNASAWLTKNMDPLNDNVTSLLNQSSDKFVADLWKDVDRIVGLFRTVGQLYKEQLTKLMTTLRNTNPNFVRCIIPNHEKRAGKLDAHLVLEQLRCNGVLEGIRICRQGFPNRIVFQEFRQRYEILAANAIPKGFMDGKQACILMIKALELDPNLYRIGQSKIFFRTGVLAHLEEERDLKITDVIIAFQ/EEEEKEREENKRFIERLMERLKK
